{
  "type": "FeatureCollection",
  "name": "Nagpur selected drivable roads",
  "features": [
    {
      "type": "Feature",
      "id": "osm-way-27108538",
      "geometry": {
        "type": "LineString",
        "coordinates": [
          [
            79.0863418,
            21.1426324
          ],
          [
            79.0863209,
            21.1424729
          ],
          [
            79.0861931,
            21.1420409
          ],
          [
            79.0860254,
            21.1414742
          ],
          [
            79.0858533,
            21.1408927
          ],
          [
            79.0858371,
            21.1408377
          ],
          [
            79.0858123,
            21.1407536
          ],
          [
            79.0856835,
            21.1403173
          ],
          [
            79.0855272,
            21.139788
          ],
          [
            79.0855217,
            21.1397524
          ],
          [
            79.0854936,
            21.1395862
          ],
          [
            79.0854885,
            21.1395266
          ]
        ]
      },
      "properties": {
        "osm_id": "27108538",
        "name": "Road 27108538",
        "highway": "secondary",
        "length_m": 356.9,
        "oneway": false,
        "maxspeed": null,
        "source": "OpenStreetMap"
      }
    },
    {
      "type": "Feature",
      "id": "osm-way-27110046",
      "geometry": {
        "type": "LineString",
        "coordinates": [
          [
            79.0882577,
            21.1451158
          ],
          [
            79.0879894,
            21.1451366
          ]
        ]
      },
      "properties": {
        "osm_id": "27110046",
        "name": "Road 27110046",
        "highway": "secondary",
        "length_m": 27.9,
        "oneway": true,
        "maxspeed": null,
        "source": "OpenStreetMap"
      }
    },
    {
      "type": "Feature",
      "id": "osm-way-27110391",
      "geometry": {
        "type": "LineString",
        "coordinates": [
          [
            79.0856155,
            21.1369361
          ],
          [
            79.0854878,
            21.1369871
          ],
          [
            79.0848953,
            21.1371914
          ],
          [
            79.0846819,
            21.1372687
          ],
          [
            79.0844042,
            21.1373571
          ],
          [
            79.0842559,
            21.1374072
          ],
          [
            79.0842226,
            21.1374184
          ],
          [
            79.0840705,
            21.1374676
          ],
          [
            79.0837617,
            21.1375674
          ],
          [
            79.0835788,
            21.1376265
          ],
          [
            79.0834227,
            21.1376788
          ],
          [
            79.0829093,
            21.1378507
          ],
          [
            79.0822923,
            21.1380405
          ],
          [
            79.0815819,
            21.138259
          ],
          [
            79.0812957,
            21.138347
          ],
          [
            79.0812411,
            21.1383637
          ],
          [
            79.0811926,
            21.1383785
          ],
          [
            79.0809707,
            21.1384464
          ],
          [
            79.0806052,
            21.1385686
          ],
          [
            79.0803413,
            21.1386568
          ],
          [
            79.079707,
            21.1388069
          ],
          [
            79.0796523,
            21.1388198
          ]
        ]
      },
      "properties": {
        "osm_id": "27110391",
        "name": "Road 27110391",
        "highway": "tertiary",
        "length_m": 653.3,
        "oneway": false,
        "maxspeed": null,
        "source": "OpenStreetMap"
      }
    },
    {
      "type": "Feature",
      "id": "osm-way-27110772",
      "geometry": {
        "type": "LineString",
        "coordinates": [
          [
            79.0840227,
            21.1388544
          ],
          [
            79.0837831,
            21.1382379
          ],
          [
            79.0835788,
            21.1376265
          ],
          [
            79.0832269,
            21.1364737
          ],
          [
            79.0827806,
            21.1353129
          ],
          [
            79.0822849,
            21.1339019
          ],
          [
            79.0817935,
            21.1325029
          ],
          [
            79.0813043,
            21.1311018
          ],
          [
            79.0811615,
            21.1306957
          ]
        ]
      },
      "properties": {
        "osm_id": "27110772",
        "name": "Road 27110772",
        "highway": "residential",
        "length_m": 954.7,
        "oneway": false,
        "maxspeed": null,
        "source": "OpenStreetMap"
      }
    },
    {
      "type": "Feature",
      "id": "osm-way-27110922",
      "geometry": {
        "type": "LineString",
        "coordinates": [
          [
            79.0810672,
            21.1435098
          ],
          [
            79.0811495,
            21.1435663
          ],
          [
            79.0812042,
            21.1435917
          ],
          [
            79.0813184,
            21.143622
          ],
          [
            79.0824475,
            21.1439056
          ],
          [
            79.082587,
            21.1439451
          ],
          [
            79.0826397,
            21.1439601
          ],
          [
            79.0828696,
            21.1440116
          ],
          [
            79.0830016,
            21.1440578
          ],
          [
            79.0830913,
            21.1440754
          ],
          [
            79.0836556,
            21.1441888
          ],
          [
            79.0838573,
            21.144257
          ],
          [
            79.0841769,
            21.1443807
          ],
          [
            79.0846517,
            21.1445111
          ],
          [
            79.0852942,
            21.144738
          ],
          [
            79.0856409,
            21.1448605
          ],
          [
            79.0860063,
            21.1449896
          ],
          [
            79.0861352,
            21.1450352
          ],
          [
            79.0863512,
            21.1451115
          ],
          [
            79.0868318,
            21.1451836
          ],
          [
            79.0876601,
            21.1451595
          ],
          [
            79.0879894,
            21.1451366
          ]
        ]
      },
      "properties": {
        "osm_id": "27110922",
        "name": "Road 27110922",
        "highway": "tertiary",
        "length_m": 748.5,
        "oneway": false,
        "maxspeed": null,
        "source": "OpenStreetMap"
      }
    },
    {
      "type": "Feature",
      "id": "osm-way-27111433",
      "geometry": {
        "type": "LineString",
        "coordinates": [
          [
            79.0804602,
            21.1306776
          ],
          [
            79.0804672,
            21.1307407
          ],
          [
            79.080652,
            21.131318
          ],
          [
            79.0810983,
            21.132719
          ],
          [
            79.0816039,
            21.1341298
          ],
          [
            79.0820948,
            21.1355602
          ],
          [
            79.0824873,
            21.1367001
          ],
          [
            79.0829093,
            21.1378507
          ],
          [
            79.0831157,
            21.1384348
          ],
          [
            79.0832487,
            21.1389488
          ],
          [
            79.0832437,
            21.1390619
          ],
          [
            79.0831035,
            21.1396635
          ],
          [
            79.0830302,
            21.1399296
          ],
          [
            79.0829304,
            21.1402916
          ],
          [
            79.0829188,
            21.1403337
          ]
        ]
      },
      "properties": {
        "osm_id": "27111433",
        "name": "Road 27111433",
        "highway": "tertiary",
        "length_m": 1122.5,
        "oneway": false,
        "maxspeed": null,
        "source": "OpenStreetMap"
      }
    },
    {
      "type": "Feature",
      "id": "osm-way-27111532",
      "geometry": {
        "type": "LineString",
        "coordinates": [
          [
            79.0813611,
            21.1384713
          ],
          [
            79.0814412,
            21.1384486
          ],
          [
            79.0815264,
            21.1384296
          ],
          [
            79.0819716,
            21.138302
          ],
          [
            79.0821648,
            21.1382845
          ],
          [
            79.0824169,
            21.1383496
          ],
          [
            79.0825349,
            21.1384271
          ],
          [
            79.0827012,
            21.1385973
          ],
          [
            79.0829147,
            21.1388694
          ],
          [
            79.083015,
            21.138915
          ],
          [
            79.0832487,
            21.1389488
          ]
        ]
      },
      "properties": {
        "osm_id": "27111532",
        "name": "Road 27111532",
        "highway": "residential",
        "length_m": 227.5,
        "oneway": false,
        "maxspeed": null,
        "source": "OpenStreetMap"
      }
    },
    {
      "type": "Feature",
      "id": "osm-way-27111537",
      "geometry": {
        "type": "LineString",
        "coordinates": [
          [
            79.0832437,
            21.1390619
          ],
          [
            79.0838269,
            21.1389038
          ],
          [
            79.0840227,
            21.1388544
          ],
          [
            79.084177,
            21.1388011
          ],
          [
            79.0845003,
            21.1386998
          ],
          [
            79.084817,
            21.1386006
          ],
          [
            79.0851472,
            21.1384972
          ],
          [
            79.085338,
            21.1384375
          ],
          [
            79.0854782,
            21.1382796
          ],
          [
            79.0855147,
            21.1382355
          ],
          [
            79.085669,
            21.1379999
          ],
          [
            79.085821,
            21.1377555
          ],
          [
            79.0859252,
            21.1376616
          ],
          [
            79.0860377,
            21.1376104
          ],
          [
            79.0861425,
            21.1375815
          ],
          [
            79.0864092,
            21.1376017
          ],
          [
            79.0867944,
            21.1376259
          ]
        ]
      },
      "properties": {
        "osm_id": "27111537",
        "name": "Road 27111537",
        "highway": "residential",
        "length_m": 426.4,
        "oneway": true,
        "maxspeed": null,
        "source": "OpenStreetMap"
      }
    },
    {
      "type": "Feature",
      "id": "osm-way-27117777",
      "geometry": {
        "type": "LineString",
        "coordinates": [
          [
            79.0694599,
            21.1622265
          ],
          [
            79.0694518,
            21.1621571
          ],
          [
            79.0691948,
            21.1604157
          ],
          [
            79.0690715,
            21.1595908
          ],
          [
            79.0689195,
            21.1586117
          ],
          [
            79.0689078,
            21.1585422
          ],
          [
            79.0688008,
            21.1579344
          ],
          [
            79.0687915,
            21.1578814
          ],
          [
            79.0685823,
            21.155528
          ],
          [
            79.0685742,
            21.1554417
          ],
          [
            79.0684956,
            21.1546102
          ],
          [
            79.0684347,
            21.1536279
          ],
          [
            79.0684128,
            21.153512
          ],
          [
            79.0683474,
            21.1531657
          ],
          [
            79.0682882,
            21.1527264
          ],
          [
            79.0681451,
            21.1512789
          ],
          [
            79.0680897,
            21.1507179
          ],
          [
            79.0680102,
            21.1497485
          ],
          [
            79.0679896,
            21.1494978
          ],
          [
            79.0679768,
            21.1494072
          ],
          [
            79.0679429,
            21.1491126
          ],
          [
            79.0676793,
            21.1468152
          ],
          [
            79.0676601,
            21.1464945
          ],
          [
            79.0676522,
            21.1463635
          ],
          [
            79.0676485,
            21.1462704
          ],
          [
            79.0676581,
            21.1461695
          ],
          [
            79.0676643,
            21.1459293
          ],
          [
            79.067864,
            21.1450075
          ]
        ]
      },
      "properties": {
        "osm_id": "27117777",
        "name": "Road 27117777",
        "highway": "secondary",
        "length_m": 1927.6,
        "oneway": true,
        "maxspeed": null,
        "source": "OpenStreetMap"
      }
    },
    {
      "type": "Feature",
      "id": "osm-way-27168400",
      "geometry": {
        "type": "LineString",
        "coordinates": [
          [
            79.0815731,
            21.1527713
          ],
          [
            79.0824989,
            21.1530601
          ],
          [
            79.0828058,
            21.1531757
          ],
          [
            79.0836973,
            21.153703
          ],
          [
            79.0842455,
            21.1541297
          ],
          [
            79.0844372,
            21.1542813
          ],
          [
            79.0845449,
            21.1543698
          ]
        ]
      },
      "properties": {
        "osm_id": "27168400",
        "name": "RBI Road",
        "highway": "primary",
        "length_m": 360.0,
        "oneway": true,
        "maxspeed": null,
        "source": "OpenStreetMap"
      }
    },
    {
      "type": "Feature",
      "id": "osm-way-27168434",
      "geometry": {
        "type": "LineString",
        "coordinates": [
          [
            79.0876936,
            21.1458218
          ],
          [
            79.0861634,
            21.1462583
          ],
          [
            79.0848303,
            21.1466548
          ],
          [
            79.0841802,
            21.146823
          ],
          [
            79.0837872,
            21.1469269
          ],
          [
            79.0820263,
            21.1472668
          ],
          [
            79.0820102,
            21.1472699
          ],
          [
            79.0815301,
            21.1473626
          ],
          [
            79.0813309,
            21.1473371
          ],
          [
            79.0811907,
            21.147309
          ],
          [
            79.081035,
            21.1473379
          ]
        ]
      },
      "properties": {
        "osm_id": "27168434",
        "name": "Road 27168434",
        "highway": "secondary",
        "length_m": 714.6,
        "oneway": true,
        "maxspeed": null,
        "source": "OpenStreetMap"
      }
    },
    {
      "type": "Feature",
      "id": "osm-way-27168478",
      "geometry": {
        "type": "LineString",
        "coordinates": [
          [
            79.0804434,
            21.1412786
          ],
          [
            79.0806027,
            21.1412551
          ],
          [
            79.0806335,
            21.1412547
          ]
        ]
      },
      "properties": {
        "osm_id": "27168478",
        "name": "Road 27168478",
        "highway": "secondary",
        "length_m": 19.9,
        "oneway": true,
        "maxspeed": null,
        "source": "OpenStreetMap"
      }
    },
    {
      "type": "Feature",
      "id": "osm-way-27210626",
      "geometry": {
        "type": "LineString",
        "coordinates": [
          [
            79.0563958,
            21.1430073
          ],
          [
            79.0571446,
            21.1428635
          ],
          [
            79.0575905,
            21.1427778
          ],
          [
            79.0580273,
            21.1426939
          ],
          [
            79.0583737,
            21.1426274
          ],
          [
            79.0588526,
            21.1425354
          ],
          [
            79.0593641,
            21.1424371
          ],
          [
            79.0598548,
            21.1423429
          ],
          [
            79.0604005,
            21.1423507
          ],
          [
            79.0608278,
            21.1423481
          ],
          [
            79.0609324,
            21.1423444
          ],
          [
            79.0612847,
            21.1423382
          ],
          [
            79.0615483,
            21.1423335
          ],
          [
            79.0617402,
            21.1423291
          ],
          [
            79.0619863,
            21.1423234
          ],
          [
            79.0624694,
            21.1423045
          ],
          [
            79.0628442,
            21.1422898
          ],
          [
            79.0634268,
            21.1422697
          ],
          [
            79.0647557,
            21.1422148
          ],
          [
            79.0650568,
            21.1422074
          ],
          [
            79.0652722,
            21.1422021
          ],
          [
            79.0655136,
            21.1421962
          ],
          [
            79.0658696,
            21.1421875
          ],
          [
            79.0661202,
            21.1421886
          ],
          [
            79.0663819,
            21.1421897
          ],
          [
            79.066584,
            21.1421906
          ],
          [
            79.0668608,
            21.1421918
          ],
          [
            79.0670815,
            21.1421927
          ],
          [
            79.0672395,
            21.1421934
          ],
          [
            79.0674537,
            21.1421943
          ]
        ]
      },
      "properties": {
        "osm_id": "27210626",
        "name": "Road 27210626",
        "highway": "residential",
        "length_m": 1154.7,
        "oneway": false,
        "maxspeed": null,
        "source": "OpenStreetMap"
      }
    },
    {
      "type": "Feature",
      "id": "osm-way-27210677",
      "geometry": {
        "type": "LineString",
        "coordinates": [
          [
            79.0676568,
            21.1394289
          ],
          [
            79.0666395,
            21.1391218
          ],
          [
            79.0661543,
            21.1389753
          ],
          [
            79.065753,
            21.138874
          ],
          [
            79.065607,
            21.1388465
          ]
        ]
      },
      "properties": {
        "osm_id": "27210677",
        "name": "Road 27210677",
        "highway": "residential",
        "length_m": 222.4,
        "oneway": false,
        "maxspeed": null,
        "source": "OpenStreetMap"
      }
    },
    {
      "type": "Feature",
      "id": "osm-way-27210893",
      "geometry": {
        "type": "LineString",
        "coordinates": [
          [
            79.0630883,
            21.1505309
          ],
          [
            79.0631721,
            21.1505262
          ],
          [
            79.0632939,
            21.1504943
          ],
          [
            79.0637861,
            21.1503438
          ],
          [
            79.0642511,
            21.1502184
          ],
          [
            79.065137,
            21.1499195
          ],
          [
            79.0651934,
            21.1499076
          ],
          [
            79.0654832,
            21.1498486
          ],
          [
            79.0658041,
            21.1498017
          ],
          [
            79.0662712,
            21.1497075
          ],
          [
            79.0668394,
            21.1496704
          ],
          [
            79.0670683,
            21.1496449
          ],
          [
            79.0675728,
            21.1495672
          ],
          [
            79.0678788,
            21.1495201
          ],
          [
            79.0679896,
            21.1494978
          ],
          [
            79.0682321,
            21.1494172
          ],
          [
            79.0688985,
            21.1491957
          ],
          [
            79.069591,
            21.14894
          ],
          [
            79.0696336,
            21.1489189
          ],
          [
            79.0701832,
            21.1487244
          ],
          [
            79.0707422,
            21.1485423
          ],
          [
            79.0709281,
            21.1484949
          ],
          [
            79.0722574,
            21.1483233
          ],
          [
            79.0729513,
            21.1482091
          ],
          [
            79.073345,
            21.148149
          ],
          [
            79.0741704,
            21.1480231
          ],
          [
            79.0745273,
            21.1479965
          ],
          [
            79.0746296,
            21.1479918
          ],
          [
            79.0748949,
            21.1479781
          ],
          [
            79.0751538,
            21.1479712
          ],
          [
            79.0756746,
            21.1480296
          ],
          [
            79.0759591,
            21.1480879
          ],
          [
            79.076862,
            21.1484774
          ],
          [
            79.0776184,
            21.1489582
          ],
          [
            79.0778965,
            21.149152
          ],
          [
            79.0782417,
            21.1494203
          ],
          [
            79.0782653,
            21.1494386
          ],
          [
            79.0785989,
            21.1497059
          ],
          [
            79.078655,
            21.1497509
          ],
          [
            79.079502,
            21.150342
          ],
          [
            79.0801226,
            21.1510832
          ],
          [
            79.0804652,
            21.1517506
          ],
          [
            79.0805606,
            21.1518648
          ]
        ]
      },
      "properties": {
        "osm_id": "27210893",
        "name": "Road 27210893",
        "highway": "secondary",
        "length_m": 2025.0,
        "oneway": true,
        "maxspeed": null,
        "source": "OpenStreetMap"
      }
    },
    {
      "type": "Feature",
      "id": "osm-way-27210946",
      "geometry": {
        "type": "LineString",
        "coordinates": [
          [
            79.0766507,
            21.159698
          ],
          [
            79.0765021,
            21.1592532
          ],
          [
            79.0761853,
            21.1586946
          ],
          [
            79.0761381,
            21.1586113
          ],
          [
            79.0759849,
            21.1583203
          ],
          [
            79.0759524,
            21.1582586
          ],
          [
            79.0758119,
            21.1579659
          ],
          [
            79.0752216,
            21.1566558
          ],
          [
            79.0750554,
            21.1559913
          ],
          [
            79.0748817,
            21.155296
          ],
          [
            79.0748794,
            21.1552522
          ],
          [
            79.0748584,
            21.1547172
          ],
          [
            79.0748447,
            21.1540629
          ],
          [
            79.0748438,
            21.1538961
          ],
          [
            79.0748102,
            21.1530152
          ],
          [
            79.0748224,
            21.1527638
          ],
          [
            79.0748255,
            21.1526361
          ],
          [
            79.0747914,
            21.1523149
          ],
          [
            79.0747893,
            21.1516208
          ],
          [
            79.0746971,
            21.1507301
          ],
          [
            79.0746811,
            21.1506492
          ]
        ]
      },
      "properties": {
        "osm_id": "27210946",
        "name": "Red Cross Road",
        "highway": "tertiary",
        "length_m": 1042.8,
        "oneway": true,
        "maxspeed": null,
        "source": "OpenStreetMap"
      }
    },
    {
      "type": "Feature",
      "id": "osm-way-27210960",
      "geometry": {
        "type": "LineString",
        "coordinates": [
          [
            79.0787977,
            21.1526623
          ],
          [
            79.0788269,
            21.1531869
          ],
          [
            79.078832,
            21.1534859
          ],
          [
            79.0788353,
            21.1535267
          ],
          [
            79.0788441,
            21.1536342
          ],
          [
            79.0788626,
            21.1538604
          ],
          [
            79.0788989,
            21.1545417
          ],
          [
            79.0790047,
            21.1557754
          ],
          [
            79.0789916,
            21.1558217
          ],
          [
            79.0789431,
            21.1559933
          ],
          [
            79.078729,
            21.1565276
          ],
          [
            79.0786591,
            21.1567378
          ],
          [
            79.0786517,
            21.1569839
          ],
          [
            79.0786824,
            21.157087
          ],
          [
            79.0786946,
            21.157128
          ]
        ]
      },
      "properties": {
        "osm_id": "27210960",
        "name": "Civil Lines Road",
        "highway": "tertiary",
        "length_m": 503.9,
        "oneway": true,
        "maxspeed": null,
        "source": "OpenStreetMap"
      }
    },
    {
      "type": "Feature",
      "id": "osm-way-27210970",
      "geometry": {
        "type": "LineString",
        "coordinates": [
          [
            79.0801355,
            21.1499084
          ],
          [
            79.0800896,
            21.1499393
          ],
          [
            79.0795741,
            21.1502926
          ],
          [
            79.079502,
            21.150342
          ],
          [
            79.0788174,
            21.1508145
          ],
          [
            79.078284,
            21.1511781
          ],
          [
            79.0782397,
            21.1512125
          ],
          [
            79.0780897,
            21.1513493
          ]
        ]
      },
      "properties": {
        "osm_id": "27210970",
        "name": "Road 27210970",
        "highway": "tertiary",
        "length_m": 266.1,
        "oneway": false,
        "maxspeed": null,
        "source": "OpenStreetMap"
      }
    },
    {
      "type": "Feature",
      "id": "osm-way-27210974",
      "geometry": {
        "type": "LineString",
        "coordinates": [
          [
            79.0780897,
            21.1513493
          ],
          [
            79.0779602,
            21.1513244
          ],
          [
            79.0775359,
            21.1511805
          ],
          [
            79.0775025,
            21.1511742
          ],
          [
            79.0768868,
            21.1510582
          ],
          [
            79.0764467,
            21.1509753
          ],
          [
            79.0756087,
            21.1508181
          ],
          [
            79.0752163,
            21.1507443
          ],
          [
            79.0750359,
            21.15074
          ],
          [
            79.0746971,
            21.1507301
          ]
        ]
      },
      "properties": {
        "osm_id": "27210974",
        "name": "Road 27210974",
        "highway": "tertiary",
        "length_m": 359.8,
        "oneway": false,
        "maxspeed": null,
        "source": "OpenStreetMap"
      }
    },
    {
      "type": "Feature",
      "id": "osm-way-27211000",
      "geometry": {
        "type": "LineString",
        "coordinates": [
          [
            79.0744037,
            21.1451741
          ],
          [
            79.0744101,
            21.1450894
          ],
          [
            79.0744446,
            21.144971
          ],
          [
            79.0745053,
            21.1447363
          ],
          [
            79.0744996,
            21.144502
          ],
          [
            79.0743916,
            21.144333
          ],
          [
            79.0742557,
            21.1442055
          ],
          [
            79.0741735,
            21.1441003
          ],
          [
            79.0739844,
            21.1438617
          ],
          [
            79.0738788,
            21.143447
          ],
          [
            79.0738232,
            21.1432557
          ]
        ]
      },
      "properties": {
        "osm_id": "27211000",
        "name": "Maharajbagh road",
        "highway": "tertiary",
        "length_m": 234.8,
        "oneway": true,
        "maxspeed": null,
        "source": "OpenStreetMap"
      }
    },
    {
      "type": "Feature",
      "id": "osm-way-27211025",
      "geometry": {
        "type": "LineString",
        "coordinates": [
          [
            79.0732524,
            21.13928
          ],
          [
            79.0732606,
            21.1391499
          ],
          [
            79.0732768,
            21.1389825
          ],
          [
            79.0733523,
            21.1383979
          ],
          [
            79.073331,
            21.1382862
          ]
        ]
      },
      "properties": {
        "osm_id": "27211025",
        "name": "Maharajbagh road",
        "highway": "tertiary",
        "length_m": 111.3,
        "oneway": true,
        "maxspeed": null,
        "source": "OpenStreetMap"
      }
    },
    {
      "type": "Feature",
      "id": "osm-way-27215909",
      "geometry": {
        "type": "LineString",
        "coordinates": [
          [
            79.0902147,
            21.1532586
          ],
          [
            79.0890304,
            21.153417
          ],
          [
            79.0890144,
            21.153419
          ],
          [
            79.0883624,
            21.1535007
          ]
        ]
      },
      "properties": {
        "osm_id": "27215909",
        "name": "Ram Jhula Bridge",
        "highway": "trunk",
        "length_m": 194.0,
        "oneway": true,
        "maxspeed": null,
        "source": "OpenStreetMap"
      }
    },
    {
      "type": "Feature",
      "id": "osm-way-27238955",
      "geometry": {
        "type": "LineString",
        "coordinates": [
          [
            79.0772874,
            21.1326137
          ],
          [
            79.077496,
            21.1332664
          ],
          [
            79.0777221,
            21.1338411
          ],
          [
            79.0779803,
            21.1345895
          ],
          [
            79.0781257,
            21.1350111
          ],
          [
            79.0781426,
            21.1350601
          ],
          [
            79.0781751,
            21.1351543
          ],
          [
            79.0784811,
            21.1360546
          ],
          [
            79.0794296,
            21.1388479
          ],
          [
            79.0794414,
            21.1388895
          ],
          [
            79.0801138,
            21.1409312
          ],
          [
            79.080178,
            21.1411213
          ],
          [
            79.0801886,
            21.1411618
          ]
        ]
      },
      "properties": {
        "osm_id": "27238955",
        "name": "Road 27238955",
        "highway": "primary",
        "length_m": 997.1,
        "oneway": true,
        "maxspeed": null,
        "source": "OpenStreetMap"
      }
    },
    {
      "type": "Feature",
      "id": "osm-way-27259740",
      "geometry": {
        "type": "LineString",
        "coordinates": [
          [
            79.0900353,
            21.1490592
          ],
          [
            79.0901939,
            21.1490359
          ],
          [
            79.0902713,
            21.1490278
          ],
          [
            79.0906271,
            21.1489903
          ],
          [
            79.0910031,
            21.1489333
          ],
          [
            79.0910657,
            21.1489244
          ],
          [
            79.0918791,
            21.1488084
          ],
          [
            79.0945659,
            21.1484155
          ],
          [
            79.0946671,
            21.1484007
          ],
          [
            79.0954252,
            21.1482973
          ],
          [
            79.0962395,
            21.1481863
          ],
          [
            79.0979563,
            21.147946
          ],
          [
            79.0980452,
            21.1479327
          ],
          [
            79.098926,
            21.147801
          ],
          [
            79.1002531,
            21.1476106
          ],
          [
            79.1015758,
            21.1474209
          ],
          [
            79.1017754,
            21.1473923
          ],
          [
            79.1019202,
            21.1473677
          ]
        ]
      },
      "properties": {
        "osm_id": "27259740",
        "name": "Shri Bejonji Mehta Road",
        "highway": "secondary",
        "length_m": 1246.9,
        "oneway": false,
        "maxspeed": null,
        "source": "OpenStreetMap"
      }
    },
    {
      "type": "Feature",
      "id": "osm-way-27259767",
      "geometry": {
        "type": "LineString",
        "coordinates": [
          [
            79.0893376,
            21.1389856
          ],
          [
            79.0894189,
            21.1390226
          ],
          [
            79.0898088,
            21.1392354
          ],
          [
            79.0904286,
            21.1395871
          ],
          [
            79.0916216,
            21.1400595
          ],
          [
            79.0919306,
            21.1401075
          ],
          [
            79.0939958,
            21.1400965
          ],
          [
            79.0940795,
            21.140096
          ],
          [
            79.0946825,
            21.1400928
          ],
          [
            79.0949347,
            21.1400915
          ],
          [
            79.0951803,
            21.1400914
          ],
          [
            79.0958951,
            21.1401574
          ],
          [
            79.0959753,
            21.1401673
          ],
          [
            79.0961785,
            21.1401925
          ],
          [
            79.0964624,
            21.1402276
          ],
          [
            79.0970437,
            21.1403884
          ],
          [
            79.0975253,
            21.1405103
          ],
          [
            79.0987128,
            21.1407974
          ],
          [
            79.0994253,
            21.1409778
          ],
          [
            79.1004162,
            21.1412286
          ],
          [
            79.1005279,
            21.1412569
          ],
          [
            79.1007124,
            21.1413074
          ]
        ]
      },
      "properties": {
        "osm_id": "27259767",
        "name": "Road 27259767",
        "highway": "tertiary",
        "length_m": 1226.1,
        "oneway": false,
        "maxspeed": null,
        "source": "OpenStreetMap"
      }
    },
    {
      "type": "Feature",
      "id": "osm-way-28088832",
      "geometry": {
        "type": "LineString",
        "coordinates": [
          [
            79.0723581,
            21.153037
          ],
          [
            79.0723571,
            21.1529335
          ],
          [
            79.0723422,
            21.1514789
          ],
          [
            79.0723375,
            21.1508969
          ],
          [
            79.0723207,
            21.1503309
          ],
          [
            79.0723195,
            21.150293
          ],
          [
            79.0722995,
            21.1496191
          ],
          [
            79.0722574,
            21.1483233
          ],
          [
            79.0722545,
            21.1481892
          ],
          [
            79.0721738,
            21.146213
          ]
        ]
      },
      "properties": {
        "osm_id": "28088832",
        "name": "Road 28088832",
        "highway": "tertiary",
        "length_m": 759.1,
        "oneway": false,
        "maxspeed": null,
        "source": "OpenStreetMap"
      }
    },
    {
      "type": "Feature",
      "id": "osm-way-28462031",
      "geometry": {
        "type": "LineString",
        "coordinates": [
          [
            79.083455,
            21.1417525
          ],
          [
            79.0834275,
            21.1417864
          ],
          [
            79.0832907,
            21.1419355
          ],
          [
            79.0831925,
            21.1421121
          ],
          [
            79.0831238,
            21.1424003
          ],
          [
            79.0830981,
            21.1428486
          ],
          [
            79.0830466,
            21.1431128
          ],
          [
            79.082935,
            21.1435611
          ],
          [
            79.0829007,
            21.1437612
          ],
          [
            79.0828485,
            21.1439613
          ],
          [
            79.0828696,
            21.1440116
          ]
        ]
      },
      "properties": {
        "osm_id": "28462031",
        "name": "Modi Number 1",
        "highway": "residential",
        "length_m": 263.9,
        "oneway": false,
        "maxspeed": null,
        "source": "OpenStreetMap"
      }
    },
    {
      "type": "Feature",
      "id": "osm-way-28462034",
      "geometry": {
        "type": "LineString",
        "coordinates": [
          [
            79.0836025,
            21.1418011
          ],
          [
            79.0835358,
            21.1421041
          ],
          [
            79.0835015,
            21.1422642
          ],
          [
            79.0834843,
            21.1424003
          ],
          [
            79.0833582,
            21.1431107
          ],
          [
            79.0832059,
            21.143802
          ],
          [
            79.0831584,
            21.1439221
          ],
          [
            79.0830913,
            21.1440754
          ]
        ]
      },
      "properties": {
        "osm_id": "28462034",
        "name": "Modi Number 2",
        "highway": "residential",
        "length_m": 259.0,
        "oneway": false,
        "maxspeed": null,
        "source": "OpenStreetMap"
      }
    },
    {
      "type": "Feature",
      "id": "osm-way-28462052",
      "geometry": {
        "type": "LineString",
        "coordinates": [
          [
            79.0842251,
            21.1419952
          ],
          [
            79.0836989,
            21.1439533
          ],
          [
            79.0836556,
            21.1441888
          ]
        ]
      },
      "properties": {
        "osm_id": "28462052",
        "name": "Modi Number 3",
        "highway": "residential",
        "length_m": 251.0,
        "oneway": false,
        "maxspeed": null,
        "source": "OpenStreetMap"
      }
    },
    {
      "type": "Feature",
      "id": "osm-way-28462055",
      "geometry": {
        "type": "LineString",
        "coordinates": [
          [
            79.0847192,
            21.1421313
          ],
          [
            79.0846945,
            21.1422722
          ],
          [
            79.0846453,
            21.1425071
          ],
          [
            79.0846173,
            21.1426405
          ],
          [
            79.0845057,
            21.1430727
          ],
          [
            79.0845151,
            21.1432346
          ],
          [
            79.0845229,
            21.1433689
          ],
          [
            79.0846001,
            21.1440334
          ],
          [
            79.0846001,
            21.1442895
          ],
          [
            79.0846284,
            21.1444111
          ],
          [
            79.0846517,
            21.1445111
          ]
        ]
      },
      "properties": {
        "osm_id": "28462055",
        "name": "Road 28462055",
        "highway": "residential",
        "length_m": 268.0,
        "oneway": false,
        "maxspeed": null,
        "source": "OpenStreetMap"
      }
    },
    {
      "type": "Feature",
      "id": "osm-way-28462056",
      "geometry": {
        "type": "LineString",
        "coordinates": [
          [
            79.085943,
            21.1425042
          ],
          [
            79.0859498,
            21.1432085
          ],
          [
            79.0859518,
            21.1432729
          ],
          [
            79.0859586,
            21.1434884
          ],
          [
            79.0859606,
            21.1435515
          ],
          [
            79.085964,
            21.1436574
          ],
          [
            79.0859828,
            21.1442501
          ],
          [
            79.0860023,
            21.1448656
          ],
          [
            79.0860063,
            21.1449896
          ]
        ]
      },
      "properties": {
        "osm_id": "28462056",
        "name": "Road 28462056",
        "highway": "residential",
        "length_m": 276.5,
        "oneway": false,
        "maxspeed": null,
        "source": "OpenStreetMap"
      }
    },
    {
      "type": "Feature",
      "id": "osm-way-28462059",
      "geometry": {
        "type": "LineString",
        "coordinates": [
          [
            79.0860023,
            21.1448656
          ],
          [
            79.0865056,
            21.1447698
          ],
          [
            79.086537,
            21.1447626
          ],
          [
            79.0870291,
            21.1446498
          ],
          [
            79.0874056,
            21.1445032
          ],
          [
            79.0878102,
            21.1443456
          ],
          [
            79.087999,
            21.1442973
          ]
        ]
      },
      "properties": {
        "osm_id": "28462059",
        "name": "Pakodewala Gali",
        "highway": "residential",
        "length_m": 217.3,
        "oneway": false,
        "maxspeed": null,
        "source": "OpenStreetMap"
      }
    },
    {
      "type": "Feature",
      "id": "osm-way-28462062",
      "geometry": {
        "type": "LineString",
        "coordinates": [
          [
            79.0859498,
            21.1432085
          ],
          [
            79.0864937,
            21.1431932
          ],
          [
            79.0872288,
            21.1431725
          ]
        ]
      },
      "properties": {
        "osm_id": "28462062",
        "name": "Road 28462062",
        "highway": "residential",
        "length_m": 132.7,
        "oneway": false,
        "maxspeed": null,
        "source": "OpenStreetMap"
      }
    },
    {
      "type": "Feature",
      "id": "osm-way-28462067",
      "geometry": {
        "type": "LineString",
        "coordinates": [
          [
            79.0810377,
            21.1452683
          ],
          [
            79.0812291,
            21.1452754
          ],
          [
            79.0813757,
            21.1452805
          ],
          [
            79.0819823,
            21.1453062
          ],
          [
            79.0821675,
            21.1453142
          ],
          [
            79.0823101,
            21.1453204
          ],
          [
            79.0825335,
            21.1453264
          ],
          [
            79.0826775,
            21.1453302
          ],
          [
            79.0829222,
            21.1453237
          ],
          [
            79.0832783,
            21.1453142
          ],
          [
            79.0836055,
            21.1452858
          ],
          [
            79.0838135,
            21.1453024
          ],
          [
            79.0842225,
            21.1452261
          ],
          [
            79.0842517,
            21.1452219
          ],
          [
            79.0846087,
            21.1451701
          ],
          [
            79.0850724,
            21.1451417
          ],
          [
            79.0852524,
            21.1451781
          ],
          [
            79.0852988,
            21.1453076
          ],
          [
            79.0853004,
            21.1453369
          ],
          [
            79.0853355,
            21.1459857
          ]
        ]
      },
      "properties": {
        "osm_id": "28462067",
        "name": "Road 28462067",
        "highway": "residential",
        "length_m": 530.0,
        "oneway": false,
        "maxspeed": null,
        "source": "OpenStreetMap"
      }
    },
    {
      "type": "Feature",
      "id": "osm-way-28463154",
      "geometry": {
        "type": "LineString",
        "coordinates": [
          [
            79.0616053,
            21.1411311
          ],
          [
            79.0620979,
            21.1411707
          ],
          [
            79.0624951,
            21.1411868
          ],
          [
            79.0628875,
            21.1412027
          ],
          [
            79.0647586,
            21.1412747
          ],
          [
            79.0650172,
            21.1412729
          ],
          [
            79.065299,
            21.1412844
          ],
          [
            79.0654982,
            21.1412703
          ],
          [
            79.0658371,
            21.141267
          ],
          [
            79.0661298,
            21.1412649
          ],
          [
            79.066369,
            21.1412632
          ],
          [
            79.0665717,
            21.1412617
          ],
          [
            79.0668323,
            21.1412598
          ],
          [
            79.0669902,
            21.1412587
          ],
          [
            79.0670653,
            21.1412568
          ],
          [
            79.0671448,
            21.1412567
          ],
          [
            79.0672154,
            21.1412266
          ],
          [
            79.0672433,
            21.1411983
          ],
          [
            79.0672794,
            21.1411349
          ]
        ]
      },
      "properties": {
        "osm_id": "28463154",
        "name": "Road 28463154",
        "highway": "residential",
        "length_m": 595.3,
        "oneway": false,
        "maxspeed": null,
        "source": "OpenStreetMap"
      }
    },
    {
      "type": "Feature",
      "id": "osm-way-44444642",
      "geometry": {
        "type": "LineString",
        "coordinates": [
          [
            79.0917741,
            21.1593384
          ],
          [
            79.0912671,
            21.1588627
          ],
          [
            79.0910526,
            21.1586194
          ],
          [
            79.090911,
            21.1583954
          ],
          [
            79.0908681,
            21.1582032
          ],
          [
            79.0908475,
            21.157973
          ],
          [
            79.0908337,
            21.157819
          ],
          [
            79.0908298,
            21.1576687
          ],
          [
            79.0908082,
            21.1568359
          ],
          [
            79.0907994,
            21.1564983
          ],
          [
            79.0907894,
            21.1560218
          ],
          [
            79.0907727,
            21.1552307
          ],
          [
            79.0907605,
            21.1546501
          ],
          [
            79.09076,
            21.1546238
          ],
          [
            79.0907446,
            21.1538426
          ],
          [
            79.090736,
            21.1534875
          ],
          [
            79.0907278,
            21.153393
          ],
          [
            79.0907226,
            21.153309
          ],
          [
            79.0907189,
            21.1532691
          ],
          [
            79.0906365,
            21.1528439
          ],
          [
            79.0905654,
            21.1524305
          ]
        ]
      },
      "properties": {
        "osm_id": "44444642",
        "name": "Road 44444642",
        "highway": "secondary",
        "length_m": 803.9,
        "oneway": false,
        "maxspeed": null,
        "source": "OpenStreetMap"
      }
    },
    {
      "type": "Feature",
      "id": "osm-way-44444681",
      "geometry": {
        "type": "LineString",
        "coordinates": [
          [
            79.0783536,
            21.1516721
          ],
          [
            79.0787623,
            21.1525687
          ],
          [
            79.0787977,
            21.1526623
          ]
        ]
      },
      "properties": {
        "osm_id": "44444681",
        "name": "Road 44444681",
        "highway": "tertiary",
        "length_m": 119.4,
        "oneway": true,
        "maxspeed": null,
        "source": "OpenStreetMap"
      }
    },
    {
      "type": "Feature",
      "id": "osm-way-62317370",
      "geometry": {
        "type": "LineString",
        "coordinates": [
          [
            79.0813501,
            21.154101
          ],
          [
            79.0813708,
            21.1541677
          ],
          [
            79.0813903,
            21.1542307
          ]
        ]
      },
      "properties": {
        "osm_id": "62317370",
        "name": "NH53",
        "highway": "trunk",
        "length_m": 15.0,
        "oneway": true,
        "maxspeed": null,
        "source": "OpenStreetMap"
      }
    },
    {
      "type": "Feature",
      "id": "osm-way-93465706",
      "geometry": {
        "type": "LineString",
        "coordinates": [
          [
            79.0824475,
            21.1439056
          ],
          [
            79.0823101,
            21.1453204
          ]
        ]
      },
      "properties": {
        "osm_id": "93465706",
        "name": "Road 93465706",
        "highway": "residential",
        "length_m": 158.0,
        "oneway": false,
        "maxspeed": null,
        "source": "OpenStreetMap"
      }
    },
    {
      "type": "Feature",
      "id": "osm-way-93465710",
      "geometry": {
        "type": "LineString",
        "coordinates": [
          [
            79.0813755,
            21.1468599
          ],
          [
            79.0819301,
            21.1468638
          ],
          [
            79.0819601,
            21.146864
          ],
          [
            79.0823132,
            21.1468372
          ],
          [
            79.0823785,
            21.1468322
          ],
          [
            79.0825072,
            21.1467931
          ],
          [
            79.0826271,
            21.1467566
          ],
          [
            79.0833655,
            21.1465321
          ],
          [
            79.0839756,
            21.1463718
          ],
          [
            79.0841273,
            21.1463319
          ],
          [
            79.0844062,
            21.1462319
          ],
          [
            79.0846419,
            21.1461447
          ],
          [
            79.0847471,
            21.1461043
          ],
          [
            79.0852645,
            21.1459917
          ],
          [
            79.0853355,
            21.1459857
          ],
          [
            79.0856186,
            21.1459617
          ],
          [
            79.0860477,
            21.1459016
          ],
          [
            79.0861168,
            21.1458927
          ],
          [
            79.08667,
            21.1458216
          ],
          [
            79.087421,
            21.1457816
          ],
          [
            79.0876323,
            21.1457973
          ],
          [
            79.0876936,
            21.1458218
          ]
        ]
      },
      "properties": {
        "osm_id": "93465710",
        "name": "Road 93465710",
        "highway": "residential",
        "length_m": 672.0,
        "oneway": false,
        "maxspeed": null,
        "source": "OpenStreetMap"
      }
    },
    {
      "type": "Feature",
      "id": "osm-way-93465714",
      "geometry": {
        "type": "LineString",
        "coordinates": [
          [
            79.0830016,
            21.1440578
          ],
          [
            79.0829467,
            21.144579
          ]
        ]
      },
      "properties": {
        "osm_id": "93465714",
        "name": "Road 93465714",
        "highway": "residential",
        "length_m": 58.2,
        "oneway": false,
        "maxspeed": null,
        "source": "OpenStreetMap"
      }
    },
    {
      "type": "Feature",
      "id": "osm-way-93465720",
      "geometry": {
        "type": "LineString",
        "coordinates": [
          [
            79.0845003,
            21.1386998
          ],
          [
            79.0843576,
            21.1383123
          ],
          [
            79.084274,
            21.1380854
          ],
          [
            79.0841917,
            21.1378355
          ],
          [
            79.0840705,
            21.1374676
          ]
        ]
      },
      "properties": {
        "osm_id": "93465720",
        "name": "Road 93465720",
        "highway": "residential",
        "length_m": 144.1,
        "oneway": false,
        "maxspeed": null,
        "source": "OpenStreetMap"
      }
    },
    {
      "type": "Feature",
      "id": "osm-way-93465721",
      "geometry": {
        "type": "LineString",
        "coordinates": [
          [
            79.0855148,
            21.1393528
          ],
          [
            79.0854401,
            21.139369
          ],
          [
            79.0853875,
            21.139384
          ],
          [
            79.0853031,
            21.1394304
          ],
          [
            79.0852714,
            21.1394689
          ],
          [
            79.0851143,
            21.1395975
          ],
          [
            79.0847817,
            21.1398777
          ],
          [
            79.0840414,
            21.140438
          ],
          [
            79.0838009,
            21.1405178
          ],
          [
            79.083649,
            21.1405682
          ],
          [
            79.0835586,
            21.1405982
          ],
          [
            79.0833556,
            21.1406473
          ],
          [
            79.0832689,
            21.1406682
          ],
          [
            79.0829898,
            21.1406853
          ],
          [
            79.0828324,
            21.1406329
          ]
        ]
      },
      "properties": {
        "osm_id": "93465721",
        "name": "Road 93465721",
        "highway": "residential",
        "length_m": 326.8,
        "oneway": false,
        "maxspeed": null,
        "source": "OpenStreetMap"
      }
    },
    {
      "type": "Feature",
      "id": "osm-way-93620637",
      "geometry": {
        "type": "LineString",
        "coordinates": [
          [
            79.0673743,
            21.1400949
          ],
          [
            79.0675202,
            21.139751
          ],
          [
            79.0676568,
            21.1394289
          ],
          [
            79.0677453,
            21.1391276
          ],
          [
            79.0678786,
            21.138674
          ]
        ]
      },
      "properties": {
        "osm_id": "93620637",
        "name": "Road 93620637",
        "highway": "residential",
        "length_m": 166.7,
        "oneway": false,
        "maxspeed": null,
        "source": "OpenStreetMap"
      }
    },
    {
      "type": "Feature",
      "id": "osm-way-93620638",
      "geometry": {
        "type": "LineString",
        "coordinates": [
          [
            79.0661298,
            21.1393544
          ],
          [
            79.0675202,
            21.139751
          ]
        ]
      },
      "properties": {
        "osm_id": "93620638",
        "name": "Road 93620638",
        "highway": "residential",
        "length_m": 150.8,
        "oneway": false,
        "maxspeed": null,
        "source": "OpenStreetMap"
      }
    },
    {
      "type": "Feature",
      "id": "osm-way-93620641",
      "geometry": {
        "type": "LineString",
        "coordinates": [
          [
            79.0660547,
            21.1396947
          ],
          [
            79.0673743,
            21.1400949
          ]
        ]
      },
      "properties": {
        "osm_id": "93620641",
        "name": "Road 93620641",
        "highway": "residential",
        "length_m": 143.9,
        "oneway": false,
        "maxspeed": null,
        "source": "OpenStreetMap"
      }
    },
    {
      "type": "Feature",
      "id": "osm-way-93620645",
      "geometry": {
        "type": "LineString",
        "coordinates": [
          [
            79.0669129,
            21.1383872
          ],
          [
            79.0678786,
            21.138674
          ]
        ]
      },
      "properties": {
        "osm_id": "93620645",
        "name": "Road 93620645",
        "highway": "residential",
        "length_m": 105.1,
        "oneway": false,
        "maxspeed": null,
        "source": "OpenStreetMap"
      }
    },
    {
      "type": "Feature",
      "id": "osm-way-148818587",
      "geometry": {
        "type": "LineString",
        "coordinates": [
          [
            79.0769011,
            21.1356036
          ],
          [
            79.0775404,
            21.1358455
          ],
          [
            79.0776837,
            21.1362943
          ],
          [
            79.0782908,
            21.1381965
          ],
          [
            79.0783618,
            21.1383788
          ],
          [
            79.0786597,
            21.1391441
          ]
        ]
      },
      "properties": {
        "osm_id": "148818587",
        "name": "Road 148818587",
        "highway": "residential",
        "length_m": 456.4,
        "oneway": false,
        "maxspeed": null,
        "source": "OpenStreetMap"
      }
    },
    {
      "type": "Feature",
      "id": "osm-way-203008999",
      "geometry": {
        "type": "LineString",
        "coordinates": [
          [
            79.0863863,
            21.1441961
          ],
          [
            79.0859828,
            21.1442501
          ],
          [
            79.0859035,
            21.1442522
          ],
          [
            79.0854889,
            21.1442678
          ],
          [
            79.085287,
            21.1442705
          ]
        ]
      },
      "properties": {
        "osm_id": "203008999",
        "name": "Road 203008999",
        "highway": "residential",
        "length_m": 114.5,
        "oneway": false,
        "maxspeed": null,
        "source": "OpenStreetMap"
      }
    },
    {
      "type": "Feature",
      "id": "osm-way-203009000",
      "geometry": {
        "type": "LineString",
        "coordinates": [
          [
            79.0845151,
            21.1432346
          ],
          [
            79.0845518,
            21.1432354
          ],
          [
            79.0849488,
            21.1432354
          ],
          [
            79.0849777,
            21.1434388
          ],
          [
            79.085099,
            21.1438008
          ],
          [
            79.085272,
            21.1441894
          ],
          [
            79.085287,
            21.1442705
          ],
          [
            79.0852942,
            21.144738
          ]
        ]
      },
      "properties": {
        "osm_id": "203009000",
        "name": "Road 203009000",
        "highway": "residential",
        "length_m": 217.9,
        "oneway": false,
        "maxspeed": null,
        "source": "OpenStreetMap"
      }
    },
    {
      "type": "Feature",
      "id": "osm-way-225372069",
      "geometry": {
        "type": "LineString",
        "coordinates": [
          [
            79.0823172,
            21.1574852
          ],
          [
            79.0825323,
            21.1574449
          ],
          [
            79.0829136,
            21.1573376
          ],
          [
            79.0832489,
            21.1572548
          ],
          [
            79.0833114,
            21.1572211
          ],
          [
            79.0833213,
            21.1571629
          ],
          [
            79.0832621,
            21.156985
          ],
          [
            79.0832179,
            21.156793
          ],
          [
            79.083297,
            21.15677
          ],
          [
            79.083383,
            21.1567417
          ],
          [
            79.0834626,
            21.1567155
          ],
          [
            79.0835921,
            21.1566873
          ],
          [
            79.0836206,
            21.1566811
          ],
          [
            79.084084,
            21.1565803
          ],
          [
            79.0842044,
            21.1565644
          ],
          [
            79.0843634,
            21.1565435
          ],
          [
            79.0847013,
            21.1564213
          ],
          [
            79.0850389,
            21.1562896
          ],
          [
            79.0852477,
            21.1562124
          ],
          [
            79.085433,
            21.1561379
          ],
          [
            79.0857507,
            21.1560101
          ],
          [
            79.0860597,
            21.1558783
          ],
          [
            79.0863129,
            21.1559058
          ],
          [
            79.0864162,
            21.15593
          ],
          [
            79.0865046,
            21.1559281
          ],
          [
            79.0865759,
            21.155912
          ],
          [
            79.0869177,
            21.1557372
          ],
          [
            79.0869378,
            21.1556836
          ],
          [
            79.0869638,
            21.1556146
          ],
          [
            79.086944,
            21.1553816
          ],
          [
            79.0868803,
            21.1550377
          ]
        ]
      },
      "properties": {
        "osm_id": "225372069",
        "name": "Road 225372069",
        "highway": "residential",
        "length_m": 643.6,
        "oneway": false,
        "maxspeed": null,
        "source": "OpenStreetMap"
      }
    },
    {
      "type": "Feature",
      "id": "osm-way-225372071",
      "geometry": {
        "type": "LineString",
        "coordinates": [
          [
            79.0835921,
            21.1566873
          ],
          [
            79.0833113,
            21.1560622
          ],
          [
            79.0829427,
            21.1550997
          ]
        ]
      },
      "properties": {
        "osm_id": "225372071",
        "name": "Road 225372071",
        "highway": "residential",
        "length_m": 189.0,
        "oneway": false,
        "maxspeed": null,
        "source": "OpenStreetMap"
      }
    },
    {
      "type": "Feature",
      "id": "osm-way-225372075",
      "geometry": {
        "type": "LineString",
        "coordinates": [
          [
            79.0859027,
            21.1553902
          ],
          [
            79.0862956,
            21.1553324
          ],
          [
            79.0863679,
            21.1552849
          ],
          [
            79.0864229,
            21.1551604
          ],
          [
            79.0863076,
            21.1548808
          ]
        ]
      },
      "properties": {
        "osm_id": "225372075",
        "name": "Road 225372075",
        "highway": "residential",
        "length_m": 98.7,
        "oneway": false,
        "maxspeed": null,
        "source": "OpenStreetMap"
      }
    },
    {
      "type": "Feature",
      "id": "osm-way-225372077",
      "geometry": {
        "type": "LineString",
        "coordinates": [
          [
            79.085775,
            21.1550716
          ],
          [
            79.0855255,
            21.1551416
          ],
          [
            79.0855728,
            21.155304
          ],
          [
            79.0853526,
            21.155384
          ],
          [
            79.0854366,
            21.1556272
          ],
          [
            79.0855366,
            21.1558432
          ]
        ]
      },
      "properties": {
        "osm_id": "225372077",
        "name": "Road 225372077",
        "highway": "residential",
        "length_m": 124.8,
        "oneway": false,
        "maxspeed": null,
        "source": "OpenStreetMap"
      }
    },
    {
      "type": "Feature",
      "id": "osm-way-225372079",
      "geometry": {
        "type": "LineString",
        "coordinates": [
          [
            79.08577,
            21.155042
          ],
          [
            79.0861674,
            21.1549201
          ],
          [
            79.0862343,
            21.1549023
          ],
          [
            79.0863076,
            21.1548808
          ],
          [
            79.0864797,
            21.1547928
          ],
          [
            79.086819,
            21.1547065
          ]
        ]
      },
      "properties": {
        "osm_id": "225372079",
        "name": "Road 225372079",
        "highway": "residential",
        "length_m": 115.4,
        "oneway": false,
        "maxspeed": null,
        "source": "OpenStreetMap"
      }
    },
    {
      "type": "Feature",
      "id": "osm-way-225372081",
      "geometry": {
        "type": "LineString",
        "coordinates": [
          [
            79.0860597,
            21.1558783
          ],
          [
            79.0860185,
            21.1557221
          ],
          [
            79.0859027,
            21.1553902
          ],
          [
            79.0858591,
            21.1552653
          ],
          [
            79.085775,
            21.1550716
          ],
          [
            79.08577,
            21.155042
          ],
          [
            79.0856489,
            21.1545496
          ],
          [
            79.0854919,
            21.1540742
          ]
        ]
      },
      "properties": {
        "osm_id": "225372081",
        "name": "Road 225372081",
        "highway": "residential",
        "length_m": 209.4,
        "oneway": false,
        "maxspeed": null,
        "source": "OpenStreetMap"
      }
    },
    {
      "type": "Feature",
      "id": "osm-way-225888741",
      "geometry": {
        "type": "LineString",
        "coordinates": [
          [
            79.0906078,
            21.1411857
          ],
          [
            79.0907048,
            21.141872
          ],
          [
            79.0907131,
            21.141926
          ],
          [
            79.0907431,
            21.1424229
          ],
          [
            79.0907533,
            21.1424904
          ],
          [
            79.0907129,
            21.1425999
          ],
          [
            79.0907089,
            21.1427621
          ],
          [
            79.0907413,
            21.143321
          ],
          [
            79.0907386,
            21.1435953
          ],
          [
            79.090735,
            21.1437082
          ],
          [
            79.0907409,
            21.1439926
          ],
          [
            79.0906954,
            21.1441057
          ],
          [
            79.0906781,
            21.1441576
          ],
          [
            79.0906398,
            21.1442209
          ],
          [
            79.0906369,
            21.1443146
          ]
        ]
      },
      "properties": {
        "osm_id": "225888741",
        "name": "Road 225888741",
        "highway": "residential",
        "length_m": 351.8,
        "oneway": false,
        "maxspeed": null,
        "source": "OpenStreetMap"
      }
    },
    {
      "type": "Feature",
      "id": "osm-way-225888742",
      "geometry": {
        "type": "LineString",
        "coordinates": [
          [
            79.0896939,
            21.1425649
          ],
          [
            79.0900902,
            21.1425697
          ],
          [
            79.0903133,
            21.1425805
          ],
          [
            79.0907129,
            21.1425999
          ]
        ]
      },
      "properties": {
        "osm_id": "225888742",
        "name": "Road 225888742",
        "highway": "residential",
        "length_m": 105.8,
        "oneway": false,
        "maxspeed": null,
        "source": "OpenStreetMap"
      }
    },
    {
      "type": "Feature",
      "id": "osm-way-225888743",
      "geometry": {
        "type": "LineString",
        "coordinates": [
          [
            79.0919517,
            21.1446936
          ],
          [
            79.0919012,
            21.1445622
          ],
          [
            79.091883,
            21.1445255
          ],
          [
            79.0917995,
            21.1443211
          ],
          [
            79.0917204,
            21.1441488
          ]
        ]
      },
      "properties": {
        "osm_id": "225888743",
        "name": "Road 225888743",
        "highway": "tertiary",
        "length_m": 65.2,
        "oneway": false,
        "maxspeed": null,
        "source": "OpenStreetMap"
      }
    },
    {
      "type": "Feature",
      "id": "osm-way-225888744",
      "geometry": {
        "type": "LineString",
        "coordinates": [
          [
            79.0861352,
            21.1450352
          ],
          [
            79.0860832,
            21.1451681
          ],
          [
            79.0861008,
            21.1455467
          ],
          [
            79.0861168,
            21.1458927
          ],
          [
            79.0861634,
            21.1462583
          ]
        ]
      },
      "properties": {
        "osm_id": "225888744",
        "name": "Road 225888744",
        "highway": "residential",
        "length_m": 137.3,
        "oneway": false,
        "maxspeed": null,
        "source": "OpenStreetMap"
      }
    },
    {
      "type": "Feature",
      "id": "osm-way-225888745",
      "geometry": {
        "type": "LineString",
        "coordinates": [
          [
            79.0876601,
            21.1451595
          ],
          [
            79.0876035,
            21.1448287
          ],
          [
            79.0874984,
            21.1446892
          ],
          [
            79.0874056,
            21.1445032
          ]
        ]
      },
      "properties": {
        "osm_id": "225888745",
        "name": "Road 225888745",
        "highway": "residential",
        "length_m": 79.0,
        "oneway": false,
        "maxspeed": null,
        "source": "OpenStreetMap"
      }
    },
    {
      "type": "Feature",
      "id": "osm-way-225888746",
      "geometry": {
        "type": "LineString",
        "coordinates": [
          [
            79.0839756,
            21.1463718
          ],
          [
            79.0839685,
            21.1461561
          ],
          [
            79.0839078,
            21.1456697
          ],
          [
            79.0838135,
            21.1453024
          ]
        ]
      },
      "properties": {
        "osm_id": "225888746",
        "name": "Road 225888746",
        "highway": "residential",
        "length_m": 120.4,
        "oneway": false,
        "maxspeed": null,
        "source": "OpenStreetMap"
      }
    },
    {
      "type": "Feature",
      "id": "osm-way-225888747",
      "geometry": {
        "type": "LineString",
        "coordinates": [
          [
            79.0894601,
            21.1414483
          ],
          [
            79.0895333,
            21.1414264
          ],
          [
            79.0900741,
            21.1413177
          ],
          [
            79.0901738,
            21.141265
          ],
          [
            79.0902884,
            21.1412045
          ],
          [
            79.0905431,
            21.1409858
          ]
        ]
      },
      "properties": {
        "osm_id": "225888747",
        "name": "Road 225888747",
        "highway": "residential",
        "length_m": 126.8,
        "oneway": false,
        "maxspeed": null,
        "source": "OpenStreetMap"
      }
    },
    {
      "type": "Feature",
      "id": "osm-way-225888748",
      "geometry": {
        "type": "LineString",
        "coordinates": [
          [
            79.0841769,
            21.1443807
          ],
          [
            79.0841424,
            21.1445345
          ],
          [
            79.0842111,
            21.1450814
          ],
          [
            79.0842225,
            21.1452261
          ]
        ]
      },
      "properties": {
        "osm_id": "225888748",
        "name": "Road 225888748",
        "highway": "residential",
        "length_m": 94.8,
        "oneway": false,
        "maxspeed": null,
        "source": "OpenStreetMap"
      }
    },
    {
      "type": "Feature",
      "id": "osm-way-225888749",
      "geometry": {
        "type": "LineString",
        "coordinates": [
          [
            79.0832783,
            21.1453142
          ],
          [
            79.0832929,
            21.1446465
          ],
          [
            79.08329,
            21.1446255
          ],
          [
            79.0832701,
            21.1446011
          ],
          [
            79.0829467,
            21.144579
          ]
        ]
      },
      "properties": {
        "osm_id": "225888749",
        "name": "Road 225888749",
        "highway": "residential",
        "length_m": 113.7,
        "oneway": false,
        "maxspeed": null,
        "source": "OpenStreetMap"
      }
    },
    {
      "type": "Feature",
      "id": "osm-way-225888750",
      "geometry": {
        "type": "LineString",
        "coordinates": [
          [
            79.0836055,
            21.1452858
          ],
          [
            79.0837513,
            21.1446536
          ],
          [
            79.0838573,
            21.144257
          ]
        ]
      },
      "properties": {
        "osm_id": "225888750",
        "name": "Road 225888750",
        "highway": "residential",
        "length_m": 117.4,
        "oneway": false,
        "maxspeed": null,
        "source": "OpenStreetMap"
      }
    },
    {
      "type": "Feature",
      "id": "osm-way-225888751",
      "geometry": {
        "type": "LineString",
        "coordinates": [
          [
            79.0907413,
            21.143321
          ],
          [
            79.0911132,
            21.1432938
          ],
          [
            79.0911658,
            21.1432184
          ],
          [
            79.0911092,
            21.1424151
          ],
          [
            79.0910526,
            21.1423889
          ],
          [
            79.0907431,
            21.1424229
          ]
        ]
      },
      "properties": {
        "osm_id": "225888751",
        "name": "Road 225888751",
        "highway": "residential",
        "length_m": 177.1,
        "oneway": false,
        "maxspeed": null,
        "source": "OpenStreetMap"
      }
    },
    {
      "type": "Feature",
      "id": "osm-way-226089112",
      "geometry": {
        "type": "LineString",
        "coordinates": [
          [
            79.0809787,
            21.1415261
          ],
          [
            79.0817652,
            21.1416741
          ],
          [
            79.082262,
            21.1417747
          ],
          [
            79.082305,
            21.1417834
          ]
        ]
      },
      "properties": {
        "osm_id": "226089112",
        "name": "Road 226089112",
        "highway": "residential",
        "length_m": 140.5,
        "oneway": false,
        "maxspeed": null,
        "source": "OpenStreetMap"
      }
    },
    {
      "type": "Feature",
      "id": "osm-way-226089116",
      "geometry": {
        "type": "LineString",
        "coordinates": [
          [
            79.0699513,
            21.144303
          ],
          [
            79.0698722,
            21.1443511
          ],
          [
            79.0696415,
            21.1444086
          ],
          [
            79.0693814,
            21.1444136
          ],
          [
            79.0691051,
            21.1444537
          ],
          [
            79.0688255,
            21.1445333
          ],
          [
            79.0684828,
            21.1445769
          ],
          [
            79.068057,
            21.1445947
          ],
          [
            79.067969,
            21.1445963
          ]
        ]
      },
      "properties": {
        "osm_id": "226089116",
        "name": "Road 226089116",
        "highway": "residential",
        "length_m": 210.1,
        "oneway": false,
        "maxspeed": null,
        "source": "OpenStreetMap"
      }
    },
    {
      "type": "Feature",
      "id": "osm-way-226089120",
      "geometry": {
        "type": "LineString",
        "coordinates": [
          [
            79.0821188,
            21.1422185
          ],
          [
            79.0818596,
            21.1421313
          ],
          [
            79.0817957,
            21.1421247
          ],
          [
            79.081419,
            21.1421092
          ],
          [
            79.0812414,
            21.1420871
          ]
        ]
      },
      "properties": {
        "osm_id": "226089120",
        "name": "Road 226089120",
        "highway": "residential",
        "length_m": 92.9,
        "oneway": false,
        "maxspeed": null,
        "source": "OpenStreetMap"
      }
    },
    {
      "type": "Feature",
      "id": "osm-way-226089125",
      "geometry": {
        "type": "LineString",
        "coordinates": [
          [
            79.0679556,
            21.1442511
          ],
          [
            79.0690865,
            21.1441198
          ],
          [
            79.0693741,
            21.1441274
          ],
          [
            79.0696508,
            21.1441838
          ],
          [
            79.069823,
            21.1442368
          ],
          [
            79.0699513,
            21.144303
          ],
          [
            79.07041,
            21.1442028
          ],
          [
            79.0711516,
            21.1439375
          ]
        ]
      },
      "properties": {
        "osm_id": "226089125",
        "name": "Road 226089125",
        "highway": "residential",
        "length_m": 342.6,
        "oneway": false,
        "maxspeed": null,
        "source": "OpenStreetMap"
      }
    },
    {
      "type": "Feature",
      "id": "osm-way-226090384",
      "geometry": {
        "type": "LineString",
        "coordinates": [
          [
            79.0667247,
            21.1529704
          ],
          [
            79.0681899,
            21.1527733
          ],
          [
            79.0682882,
            21.1527264
          ]
        ]
      },
      "properties": {
        "osm_id": "226090384",
        "name": "Road 226090384",
        "highway": "residential",
        "length_m": 165.0,
        "oneway": false,
        "maxspeed": null,
        "source": "OpenStreetMap"
      }
    },
    {
      "type": "Feature",
      "id": "osm-way-240751170",
      "geometry": {
        "type": "LineString",
        "coordinates": [
          [
            79.0812309,
            21.146874
          ],
          [
            79.0811742,
            21.1470276
          ],
          [
            79.0810788,
            21.14722
          ],
          [
            79.081035,
            21.1473379
          ],
          [
            79.0808628,
            21.1476475
          ],
          [
            79.0806907,
            21.1480612
          ],
          [
            79.0806258,
            21.148261
          ],
          [
            79.0806114,
            21.1483054
          ],
          [
            79.0806268,
            21.1486844
          ],
          [
            79.0807667,
            21.1495491
          ],
          [
            79.0808417,
            21.1500122
          ],
          [
            79.0808421,
            21.1500573
          ],
          [
            79.080847,
            21.1506841
          ],
          [
            79.0808354,
            21.1515422
          ],
          [
            79.0808294,
            21.1521803
          ],
          [
            79.0809037,
            21.1525765
          ],
          [
            79.0809071,
            21.1525946
          ]
        ]
      },
      "properties": {
        "osm_id": "240751170",
        "name": "NH53;NH47",
        "highway": "trunk",
        "length_m": 651.4,
        "oneway": true,
        "maxspeed": null,
        "source": "OpenStreetMap"
      }
    },
    {
      "type": "Feature",
      "id": "osm-way-256535577",
      "geometry": {
        "type": "LineString",
        "coordinates": [
          [
            79.0917721,
            21.1533341
          ],
          [
            79.0909168,
            21.1533667
          ],
          [
            79.0907604,
            21.1533583
          ],
          [
            79.0904713,
            21.1532837
          ],
          [
            79.0903616,
            21.1532616
          ],
          [
            79.0902147,
            21.1532586
          ]
        ]
      },
      "properties": {
        "osm_id": "256535577",
        "name": "Road 256535577",
        "highway": "trunk",
        "length_m": 163.0,
        "oneway": true,
        "maxspeed": "20",
        "source": "OpenStreetMap"
      }
    },
    {
      "type": "Feature",
      "id": "osm-way-264890066",
      "geometry": {
        "type": "LineString",
        "coordinates": [
          [
            79.0689299,
            21.1379078
          ],
          [
            79.0689086,
            21.1379631
          ],
          [
            79.068863,
            21.1380956
          ],
          [
            79.0685074,
            21.1388065
          ],
          [
            79.0682953,
            21.1393051
          ],
          [
            79.0681584,
            21.1395606
          ],
          [
            79.0678226,
            21.1402611
          ],
          [
            79.0675641,
            21.1408112
          ],
          [
            79.0673655,
            21.1411671
          ],
          [
            79.0673512,
            21.1411926
          ],
          [
            79.0673376,
            21.1412414
          ],
          [
            79.0673521,
            21.1415159
          ],
          [
            79.0673675,
            21.141827
          ],
          [
            79.0674537,
            21.1421943
          ],
          [
            79.0675552,
            21.1426048
          ],
          [
            79.0676238,
            21.1429581
          ],
          [
            79.0677011,
            21.1432672
          ],
          [
            79.0677674,
            21.1437307
          ],
          [
            79.067785,
            21.1438111
          ],
          [
            79.0678433,
            21.1441954
          ],
          [
            79.0678469,
            21.144219
          ],
          [
            79.0678837,
            21.1445746
          ],
          [
            79.0678027,
            21.144901
          ]
        ]
      },
      "properties": {
        "osm_id": "264890066",
        "name": "Road 264890066",
        "highway": "secondary",
        "length_m": 819.1,
        "oneway": true,
        "maxspeed": null,
        "source": "OpenStreetMap"
      }
    },
    {
      "type": "Feature",
      "id": "osm-way-281249250",
      "geometry": {
        "type": "LineString",
        "coordinates": [
          [
            79.0825607,
            21.1412486
          ],
          [
            79.0823645,
            21.141199
          ],
          [
            79.0822471,
            21.1411883
          ],
          [
            79.0820875,
            21.1411765
          ],
          [
            79.0818101,
            21.141156
          ],
          [
            79.0812633,
            21.1411409
          ],
          [
            79.0811021,
            21.1411399
          ],
          [
            79.0809075,
            21.1411333
          ],
          [
            79.0805703,
            21.1411421
          ]
        ]
      },
      "properties": {
        "osm_id": "281249250",
        "name": "North Ambazari Road",
        "highway": "secondary",
        "length_m": 207.4,
        "oneway": true,
        "maxspeed": null,
        "source": "OpenStreetMap"
      }
    },
    {
      "type": "Feature",
      "id": "osm-way-290737208",
      "geometry": {
        "type": "LineString",
        "coordinates": [
          [
            79.08725,
            21.1534699
          ],
          [
            79.0870075,
            21.1535085
          ],
          [
            79.086517,
            21.1536198
          ],
          [
            79.0860437,
            21.1537512
          ],
          [
            79.084545,
            21.1542307
          ],
          [
            79.0844372,
            21.1542813
          ],
          [
            79.0839495,
            21.1545068
          ],
          [
            79.0829976,
            21.1549527
          ],
          [
            79.0824255,
            21.1552302
          ],
          [
            79.0823695,
            21.1553145
          ]
        ]
      },
      "properties": {
        "osm_id": "290737208",
        "name": "Kingsway Road",
        "highway": "primary",
        "length_m": 550.7,
        "oneway": true,
        "maxspeed": null,
        "source": "OpenStreetMap"
      }
    },
    {
      "type": "Feature",
      "id": "osm-way-291051886",
      "geometry": {
        "type": "LineString",
        "coordinates": [
          [
            79.0817574,
            21.1556187
          ],
          [
            79.0817277,
            21.1556309
          ],
          [
            79.0815302,
            21.1557229
          ],
          [
            79.0812161,
            21.1558693
          ],
          [
            79.080621,
            21.1561172
          ]
        ]
      },
      "properties": {
        "osm_id": "291051886",
        "name": "Chindwada Road",
        "highway": "trunk",
        "length_m": 130.3,
        "oneway": true,
        "maxspeed": null,
        "source": "OpenStreetMap"
      }
    },
    {
      "type": "Feature",
      "id": "osm-way-308766262",
      "geometry": {
        "type": "LineString",
        "coordinates": [
          [
            79.0809881,
            21.1434953
          ],
          [
            79.0809752,
            21.1434263
          ],
          [
            79.0809169,
            21.1431129
          ],
          [
            79.0808842,
            21.1429373
          ],
          [
            79.0805239,
            21.1414812
          ],
          [
            79.0805045,
            21.1414028
          ]
        ]
      },
      "properties": {
        "osm_id": "308766262",
        "name": "Road 308766262",
        "highway": "primary",
        "length_m": 238.1,
        "oneway": true,
        "maxspeed": null,
        "source": "OpenStreetMap"
      }
    },
    {
      "type": "Feature",
      "id": "osm-way-308766263",
      "geometry": {
        "type": "LineString",
        "coordinates": [
          [
            79.0813514,
            21.1467029
          ],
          [
            79.0813508,
            21.1465321
          ],
          [
            79.081302,
            21.1461364
          ],
          [
            79.0810875,
            21.1449181
          ],
          [
            79.0809794,
            21.1441903
          ],
          [
            79.0809196,
            21.1436306
          ],
          [
            79.0808801,
            21.1433013
          ],
          [
            79.0807887,
            21.1428798
          ],
          [
            79.0806405,
            21.1423546
          ],
          [
            79.0804973,
            21.1418157
          ],
          [
            79.0802627,
            21.1409819
          ],
          [
            79.0801845,
            21.1407428
          ],
          [
            79.0800157,
            21.1402264
          ],
          [
            79.0796601,
            21.1391553
          ],
          [
            79.0793984,
            21.1384114
          ],
          [
            79.0790032,
            21.1372988
          ],
          [
            79.0785884,
            21.1360412
          ],
          [
            79.0783247,
            21.1352465
          ],
          [
            79.0780061,
            21.1343206
          ],
          [
            79.0776698,
            21.1333017
          ],
          [
            79.0773387,
            21.1323475
          ],
          [
            79.0770778,
            21.131599
          ]
        ]
      },
      "properties": {
        "osm_id": "308766263",
        "name": "Wardha Road Flyover",
        "highway": "trunk",
        "length_m": 1741.9,
        "oneway": true,
        "maxspeed": "50",
        "source": "OpenStreetMap"
      }
    },
    {
      "type": "Feature",
      "id": "osm-way-308766283",
      "geometry": {
        "type": "LineString",
        "coordinates": [
          [
            79.0678027,
            21.144901
          ],
          [
            79.0677771,
            21.1449938
          ]
        ]
      },
      "properties": {
        "osm_id": "308766283",
        "name": "Road 308766283",
        "highway": "secondary",
        "length_m": 10.7,
        "oneway": true,
        "maxspeed": null,
        "source": "OpenStreetMap"
      }
    },
    {
      "type": "Feature",
      "id": "osm-way-308766287",
      "geometry": {
        "type": "LineString",
        "coordinates": [
          [
            79.067864,
            21.1450075
          ],
          [
            79.0678946,
            21.1448876
          ]
        ]
      },
      "properties": {
        "osm_id": "308766287",
        "name": "Road 308766287",
        "highway": "secondary",
        "length_m": 13.7,
        "oneway": true,
        "maxspeed": null,
        "source": "OpenStreetMap"
      }
    },
    {
      "type": "Feature",
      "id": "osm-way-308766305",
      "geometry": {
        "type": "LineString",
        "coordinates": [
          [
            79.0678946,
            21.1448876
          ],
          [
            79.067969,
            21.1445963
          ],
          [
            79.0679632,
            21.1444211
          ],
          [
            79.0679556,
            21.1442511
          ],
          [
            79.0677786,
            21.143303
          ],
          [
            79.0676713,
            21.1426075
          ],
          [
            79.0675425,
            21.1421947
          ],
          [
            79.0674755,
            21.1417744
          ],
          [
            79.0674406,
            21.1414542
          ],
          [
            79.0674586,
            21.1412809
          ],
          [
            79.0674602,
            21.1412649
          ],
          [
            79.0674621,
            21.1412466
          ],
          [
            79.0674789,
            21.1412114
          ],
          [
            79.0680373,
            21.1400439
          ],
          [
            79.0682721,
            21.1395529
          ],
          [
            79.0689624,
            21.1380263
          ],
          [
            79.0689803,
            21.1379866
          ],
          [
            79.0690119,
            21.1379255
          ],
          [
            79.0690497,
            21.1378387
          ],
          [
            79.0690875,
            21.1377517
          ],
          [
            79.0690969,
            21.1375623
          ],
          [
            79.0690879,
            21.1373112
          ],
          [
            79.069034,
            21.1368467
          ],
          [
            79.0687603,
            21.1350273
          ],
          [
            79.068412,
            21.1326679
          ],
          [
            79.0683199,
            21.1318814
          ]
        ]
      },
      "properties": {
        "osm_id": "308766305",
        "name": "Road 308766305",
        "highway": "secondary",
        "length_m": 1492.6,
        "oneway": true,
        "maxspeed": null,
        "source": "OpenStreetMap"
      }
    },
    {
      "type": "Feature",
      "id": "osm-way-308766311",
      "geometry": {
        "type": "LineString",
        "coordinates": [
          [
            79.0677771,
            21.1449938
          ],
          [
            79.0675971,
            21.1459198
          ],
          [
            79.0675684,
            21.1460426
          ],
          [
            79.0675545,
            21.1461817
          ],
          [
            79.0675519,
            21.1462759
          ],
          [
            79.0675771,
            21.1466151
          ],
          [
            79.0675925,
            21.1468221
          ],
          [
            79.0676657,
            21.1474516
          ],
          [
            79.0676702,
            21.1474871
          ],
          [
            79.0677099,
            21.1478039
          ],
          [
            79.0677107,
            21.147923
          ],
          [
            79.0677571,
            21.1483112
          ],
          [
            79.0678224,
            21.148925
          ],
          [
            79.0678322,
            21.1490166
          ],
          [
            79.0678429,
            21.149132
          ],
          [
            79.0678703,
            21.149428
          ],
          [
            79.0678788,
            21.1495201
          ],
          [
            79.0679095,
            21.149759
          ],
          [
            79.0679395,
            21.1499922
          ],
          [
            79.0680012,
            21.1506976
          ],
          [
            79.0680334,
            21.1510879
          ],
          [
            79.0680655,
            21.1515982
          ],
          [
            79.0681165,
            21.1520259
          ],
          [
            79.0681899,
            21.1527733
          ],
          [
            79.068264,
            21.1532116
          ],
          [
            79.0682925,
            21.1535203
          ],
          [
            79.0683027,
            21.153631
          ],
          [
            79.0683284,
            21.1541647
          ],
          [
            79.0683552,
            21.1542998
          ],
          [
            79.0683981,
            21.15468
          ],
          [
            79.068426,
            21.1551716
          ],
          [
            79.0684303,
            21.1552478
          ],
          [
            79.0684867,
            21.1557031
          ],
          [
            79.0685108,
            21.1562684
          ],
          [
            79.0685483,
            21.156496
          ],
          [
            79.0685598,
            21.1566526
          ],
          [
            79.0685771,
            21.1568877
          ],
          [
            79.0685966,
            21.1571539
          ],
          [
            79.0686664,
            21.1573966
          ],
          [
            79.0686955,
            21.1578976
          ],
          [
            79.0687495,
            21.158247
          ],
          [
            79.0688174,
            21.1585617
          ],
          [
            79.0688315,
            21.1586283
          ],
          [
            79.0689344,
            21.1592387
          ],
          [
            79.0689775,
            21.1595202
          ],
          [
            79.0689828,
            21.1595514
          ],
          [
            79.0690751,
            21.1600948
          ],
          [
            79.0690907,
            21.1601864
          ],
          [
            79.0691545,
            21.1607284
          ],
          [
            79.0692162,
            21.1610901
          ],
          [
            79.0692345,
            21.1611938
          ],
          [
            79.0692471,
            21.1612655
          ],
          [
            79.0693289,
            21.1617289
          ],
          [
            79.0693859,
            21.1621661
          ],
          [
            79.0693903,
            21.1622342
          ]
        ]
      },
      "properties": {
        "osm_id": "308766311",
        "name": "Road 308766311",
        "highway": "secondary",
        "length_m": 1931.1,
        "oneway": true,
        "maxspeed": null,
        "source": "OpenStreetMap"
      }
    },
    {
      "type": "Feature",
      "id": "osm-way-311295609",
      "geometry": {
        "type": "LineString",
        "coordinates": [
          [
            79.0829188,
            21.1403337
          ],
          [
            79.0828577,
            21.1405553
          ]
        ]
      },
      "properties": {
        "osm_id": "311295609",
        "name": "Road 311295609",
        "highway": "tertiary",
        "length_m": 25.4,
        "oneway": false,
        "maxspeed": null,
        "source": "OpenStreetMap"
      }
    },
    {
      "type": "Feature",
      "id": "osm-way-314123072",
      "geometry": {
        "type": "LineString",
        "coordinates": [
          [
            79.0811786,
            21.1529284
          ],
          [
            79.0813023,
            21.1528169
          ],
          [
            79.0814286,
            21.1527827
          ],
          [
            79.0815731,
            21.1527713
          ]
        ]
      },
      "properties": {
        "osm_id": "314123072",
        "name": "Road 314123072",
        "highway": "trunk_link",
        "length_m": 46.5,
        "oneway": true,
        "maxspeed": null,
        "source": "OpenStreetMap"
      }
    },
    {
      "type": "Feature",
      "id": "osm-way-314123083",
      "geometry": {
        "type": "LineString",
        "coordinates": [
          [
            79.0814312,
            21.1526346
          ],
          [
            79.0813224,
            21.1525763
          ],
          [
            79.081224,
            21.1525013
          ],
          [
            79.0811078,
            21.1524012
          ],
          [
            79.0809957,
            21.1522732
          ]
        ]
      },
      "properties": {
        "osm_id": "314123083",
        "name": "Road 314123083",
        "highway": "trunk_link",
        "length_m": 61.0,
        "oneway": true,
        "maxspeed": null,
        "source": "OpenStreetMap"
      }
    },
    {
      "type": "Feature",
      "id": "osm-way-314123084",
      "geometry": {
        "type": "LineString",
        "coordinates": [
          [
            79.0624297,
            21.1543692
          ],
          [
            79.0630169,
            21.154304
          ],
          [
            79.0640686,
            21.1541999
          ],
          [
            79.0642323,
            21.1541703
          ],
          [
            79.0654533,
            21.1540326
          ],
          [
            79.0669542,
            21.1538298
          ],
          [
            79.0683027,
            21.153631
          ],
          [
            79.0684347,
            21.1536279
          ],
          [
            79.0688756,
            21.1535712
          ],
          [
            79.0697837,
            21.1534023
          ],
          [
            79.070354,
            21.1533327
          ],
          [
            79.0723141,
            21.1530421
          ],
          [
            79.0723581,
            21.153037
          ],
          [
            79.0742781,
            21.1527973
          ],
          [
            79.0747412,
            21.1527688
          ],
          [
            79.0748224,
            21.1527638
          ],
          [
            79.0751633,
            21.1527169
          ],
          [
            79.0760078,
            21.1526266
          ],
          [
            79.076685,
            21.1525985
          ],
          [
            79.0770963,
            21.1526085
          ],
          [
            79.0773364,
            21.1526161
          ],
          [
            79.0787977,
            21.1526623
          ],
          [
            79.0789002,
            21.152663
          ],
          [
            79.0806098,
            21.1526755
          ],
          [
            79.080915,
            21.1526926
          ],
          [
            79.0809338,
            21.1526937
          ]
        ]
      },
      "properties": {
        "osm_id": "314123084",
        "name": "Road 314123084",
        "highway": "tertiary",
        "length_m": 1933.1,
        "oneway": true,
        "maxspeed": null,
        "source": "OpenStreetMap"
      }
    },
    {
      "type": "Feature",
      "id": "osm-way-314142183",
      "geometry": {
        "type": "LineString",
        "coordinates": [
          [
            79.0750676,
            21.1526251
          ],
          [
            79.0749803,
            21.1525613
          ],
          [
            79.0748944,
            21.1524613
          ],
          [
            79.0747914,
            21.1523149
          ]
        ]
      },
      "properties": {
        "osm_id": "314142183",
        "name": "Red Cross Road",
        "highway": "tertiary",
        "length_m": 45.2,
        "oneway": true,
        "maxspeed": null,
        "source": "OpenStreetMap"
      }
    },
    {
      "type": "Feature",
      "id": "osm-way-314142186",
      "geometry": {
        "type": "LineString",
        "coordinates": [
          [
            79.0747114,
            21.1523154
          ],
          [
            79.0745726,
            21.1524963
          ],
          [
            79.0744559,
            21.1526161
          ],
          [
            79.0744127,
            21.1526602
          ]
        ]
      },
      "properties": {
        "osm_id": "314142186",
        "name": "Red Cross Road",
        "highway": "tertiary",
        "length_m": 49.4,
        "oneway": true,
        "maxspeed": null,
        "source": "OpenStreetMap"
      }
    },
    {
      "type": "Feature",
      "id": "osm-way-314142211",
      "geometry": {
        "type": "LineString",
        "coordinates": [
          [
            79.0683474,
            21.1531657
          ],
          [
            79.0684089,
            21.1532818
          ],
          [
            79.0684639,
            21.1533365
          ],
          [
            79.0685016,
            21.1533596
          ],
          [
            79.0686033,
            21.1534216
          ],
          [
            79.0687081,
            21.1534668
          ]
        ]
      },
      "properties": {
        "osm_id": "314142211",
        "name": "Road 314142211",
        "highway": "tertiary",
        "length_m": 52.0,
        "oneway": false,
        "maxspeed": null,
        "source": "OpenStreetMap"
      }
    },
    {
      "type": "Feature",
      "id": "osm-way-314142213",
      "geometry": {
        "type": "LineString",
        "coordinates": [
          [
            79.0847032,
            21.1410201
          ],
          [
            79.0858371,
            21.1408377
          ]
        ]
      },
      "properties": {
        "osm_id": "314142213",
        "name": "Road 314142213",
        "highway": "residential",
        "length_m": 119.3,
        "oneway": false,
        "maxspeed": null,
        "source": "OpenStreetMap"
      }
    },
    {
      "type": "Feature",
      "id": "osm-way-314142220",
      "geometry": {
        "type": "LineString",
        "coordinates": [
          [
            79.0839104,
            21.141899
          ],
          [
            79.0839609,
            21.1417756
          ],
          [
            79.0838729,
            21.1412797
          ],
          [
            79.0838222,
            21.140994
          ]
        ]
      },
      "properties": {
        "osm_id": "314142220",
        "name": "Road 314142220",
        "highway": "residential",
        "length_m": 102.8,
        "oneway": false,
        "maxspeed": null,
        "source": "OpenStreetMap"
      }
    },
    {
      "type": "Feature",
      "id": "osm-way-314142224",
      "geometry": {
        "type": "LineString",
        "coordinates": [
          [
            79.0846079,
            21.1404258
          ],
          [
            79.0846618,
            21.1407618
          ],
          [
            79.0847032,
            21.1410201
          ],
          [
            79.0847261,
            21.1411627
          ],
          [
            79.084805,
            21.1416543
          ],
          [
            79.0848121,
            21.1416984
          ],
          [
            79.0848676,
            21.1420445
          ],
          [
            79.0848873,
            21.1421847
          ]
        ]
      },
      "properties": {
        "osm_id": "314142224",
        "name": "Road 314142224",
        "highway": "residential",
        "length_m": 197.7,
        "oneway": false,
        "maxspeed": null,
        "source": "OpenStreetMap"
      }
    },
    {
      "type": "Feature",
      "id": "osm-way-314142228",
      "geometry": {
        "type": "LineString",
        "coordinates": [
          [
            79.0742781,
            21.1527973
          ],
          [
            79.0745444,
            21.1528668
          ],
          [
            79.0746622,
            21.1529323
          ],
          [
            79.0747462,
            21.1530059
          ]
        ]
      },
      "properties": {
        "osm_id": "314142228",
        "name": "Road 314142228",
        "highway": "tertiary",
        "length_m": 54.9,
        "oneway": true,
        "maxspeed": null,
        "source": "OpenStreetMap"
      }
    },
    {
      "type": "Feature",
      "id": "osm-way-314566781",
      "geometry": {
        "type": "LineString",
        "coordinates": [
          [
            79.0796189,
            21.1469894
          ],
          [
            79.0798625,
            21.1470238
          ],
          [
            79.0799428,
            21.1470499
          ],
          [
            79.0800851,
            21.147106
          ],
          [
            79.0801372,
            21.1472162
          ],
          [
            79.0801669,
            21.1472917
          ],
          [
            79.0802467,
            21.1474828
          ],
          [
            79.0802627,
            21.1475171
          ],
          [
            79.0803192,
            21.1476382
          ],
          [
            79.0803689,
            21.1477821
          ],
          [
            79.0803927,
            21.1478926
          ],
          [
            79.0803782,
            21.1479834
          ],
          [
            79.0802872,
            21.148085
          ],
          [
            79.0802713,
            21.148132
          ],
          [
            79.080285,
            21.1481789
          ],
          [
            79.0803394,
            21.1482037
          ],
          [
            79.0806258,
            21.148261
          ]
        ]
      },
      "properties": {
        "osm_id": "314566781",
        "name": "Road 314566781",
        "highway": "residential",
        "length_m": 216.2,
        "oneway": false,
        "maxspeed": null,
        "source": "OpenStreetMap"
      }
    },
    {
      "type": "Feature",
      "id": "osm-way-314566784",
      "geometry": {
        "type": "LineString",
        "coordinates": [
          [
            79.0874056,
            21.1445032
          ],
          [
            79.0873627,
            21.1443011
          ],
          [
            79.0872738,
            21.1440025
          ],
          [
            79.0872554,
            21.1439408
          ],
          [
            79.087189,
            21.1437053
          ],
          [
            79.0871694,
            21.143638
          ]
        ]
      },
      "properties": {
        "osm_id": "314566784",
        "name": "Road 314566784",
        "highway": "residential",
        "length_m": 99.3,
        "oneway": false,
        "maxspeed": null,
        "source": "OpenStreetMap"
      }
    },
    {
      "type": "Feature",
      "id": "osm-way-314566786",
      "geometry": {
        "type": "LineString",
        "coordinates": [
          [
            79.0785543,
            21.1468727
          ],
          [
            79.0790639,
            21.1469478
          ],
          [
            79.0794266,
            21.1469738
          ],
          [
            79.0796189,
            21.1469894
          ]
        ]
      },
      "properties": {
        "osm_id": "314566786",
        "name": "Road 314566786",
        "highway": "residential",
        "length_m": 111.2,
        "oneway": false,
        "maxspeed": null,
        "source": "OpenStreetMap"
      }
    },
    {
      "type": "Feature",
      "id": "osm-way-314566788",
      "geometry": {
        "type": "LineString",
        "coordinates": [
          [
            79.0779457,
            21.1465931
          ],
          [
            79.0771596,
            21.1462874
          ],
          [
            79.0763763,
            21.1460172
          ],
          [
            79.0756629,
            21.1460322
          ],
          [
            79.0750599,
            21.1461258
          ]
        ]
      },
      "properties": {
        "osm_id": "314566788",
        "name": "Road 314566788",
        "highway": "residential",
        "length_m": 312.3,
        "oneway": false,
        "maxspeed": null,
        "source": "OpenStreetMap"
      }
    },
    {
      "type": "Feature",
      "id": "osm-way-352683426",
      "geometry": {
        "type": "LineString",
        "coordinates": [
          [
            79.0874477,
            21.1536483
          ],
          [
            79.08808,
            21.153662
          ],
          [
            79.0883505,
            21.1536509
          ]
        ]
      },
      "properties": {
        "osm_id": "352683426",
        "name": "Road 352683426",
        "highway": "trunk",
        "length_m": 93.7,
        "oneway": true,
        "maxspeed": null,
        "source": "OpenStreetMap"
      }
    },
    {
      "type": "Feature",
      "id": "osm-way-371450419",
      "geometry": {
        "type": "LineString",
        "coordinates": [
          [
            79.0918698,
            21.1517217
          ],
          [
            79.0919721,
            21.1518798
          ],
          [
            79.0921063,
            21.1520555
          ],
          [
            79.0922724,
            21.1522373
          ],
          [
            79.092448,
            21.1523713
          ],
          [
            79.092579,
            21.1526037
          ],
          [
            79.0926269,
            21.1526692
          ],
          [
            79.0926525,
            21.1528717
          ],
          [
            79.0927451,
            21.1530028
          ],
          [
            79.0927649,
            21.1531853
          ],
          [
            79.0927668,
            21.1532191
          ]
        ]
      },
      "properties": {
        "osm_id": "371450419",
        "name": "Road 371450419",
        "highway": "residential",
        "length_m": 196.9,
        "oneway": false,
        "maxspeed": null,
        "source": "OpenStreetMap"
      }
    },
    {
      "type": "Feature",
      "id": "osm-way-371450427",
      "geometry": {
        "type": "LineString",
        "coordinates": [
          [
            79.0912104,
            21.1518394
          ],
          [
            79.0914183,
            21.1518025
          ],
          [
            79.0918698,
            21.1517217
          ],
          [
            79.0919481,
            21.1516975
          ],
          [
            79.0925173,
            21.1514658
          ],
          [
            79.0927612,
            21.1513689
          ],
          [
            79.0934629,
            21.151312
          ],
          [
            79.0935804,
            21.1512873
          ],
          [
            79.0940937,
            21.1512004
          ],
          [
            79.0945116,
            21.1511394
          ],
          [
            79.0946589,
            21.1511047
          ],
          [
            79.0947261,
            21.1510888
          ],
          [
            79.0947749,
            21.1510757
          ],
          [
            79.0948074,
            21.1510669
          ],
          [
            79.0948567,
            21.1510536
          ],
          [
            79.0949136,
            21.1510383
          ],
          [
            79.0954217,
            21.1509708
          ],
          [
            79.0956619,
            21.1509449
          ],
          [
            79.0958596,
            21.1509176
          ],
          [
            79.096209,
            21.1508997
          ],
          [
            79.0963839,
            21.1508908
          ],
          [
            79.0965089,
            21.150884
          ],
          [
            79.0967452,
            21.1508711
          ],
          [
            79.0968085,
            21.1508676
          ],
          [
            79.0970031,
            21.1508577
          ],
          [
            79.097355,
            21.1508824
          ],
          [
            79.0978948,
            21.1509034
          ],
          [
            79.0980826,
            21.1509092
          ]
        ]
      },
      "properties": {
        "osm_id": "371450427",
        "name": "Road 371450427",
        "highway": "residential",
        "length_m": 726.7,
        "oneway": false,
        "maxspeed": null,
        "source": "OpenStreetMap"
      }
    },
    {
      "type": "Feature",
      "id": "osm-way-371450428",
      "geometry": {
        "type": "LineString",
        "coordinates": [
          [
            79.0880425,
            21.1548286
          ],
          [
            79.0874181,
            21.1549644
          ],
          [
            79.0872869,
            21.1545785
          ],
          [
            79.0870295,
            21.1536393
          ]
        ]
      },
      "properties": {
        "osm_id": "371450428",
        "name": "Road 371450428",
        "highway": "residential",
        "length_m": 219.3,
        "oneway": false,
        "maxspeed": null,
        "source": "OpenStreetMap"
      }
    },
    {
      "type": "Feature",
      "id": "osm-way-371463988",
      "geometry": {
        "type": "LineString",
        "coordinates": [
          [
            79.0907727,
            21.1552307
          ],
          [
            79.0909434,
            21.1553531
          ],
          [
            79.0910958,
            21.1553866
          ],
          [
            79.0913451,
            21.155397
          ],
          [
            79.0917728,
            21.1554069
          ],
          [
            79.0918462,
            21.155405
          ],
          [
            79.0922097,
            21.1553849
          ],
          [
            79.0926017,
            21.1553632
          ]
        ]
      },
      "properties": {
        "osm_id": "371463988",
        "name": "Road 371463988",
        "highway": "residential",
        "length_m": 194.9,
        "oneway": false,
        "maxspeed": null,
        "source": "OpenStreetMap"
      }
    },
    {
      "type": "Feature",
      "id": "osm-way-371464004",
      "geometry": {
        "type": "LineString",
        "coordinates": [
          [
            79.0902834,
            21.1509619
          ],
          [
            79.0904307,
            21.1509165
          ],
          [
            79.0904725,
            21.1508992
          ],
          [
            79.0905026,
            21.1508856
          ],
          [
            79.0908972,
            21.1507028
          ],
          [
            79.0916543,
            21.1503358
          ],
          [
            79.0918244,
            21.1502602
          ],
          [
            79.0917702,
            21.1500773
          ],
          [
            79.0916688,
            21.1498715
          ],
          [
            79.0915217,
            21.1496424
          ],
          [
            79.0912303,
            21.1493349
          ],
          [
            79.091131,
            21.1491221
          ],
          [
            79.0910858,
            21.1489894
          ],
          [
            79.0910657,
            21.1489244
          ]
        ]
      },
      "properties": {
        "osm_id": "371464004",
        "name": "Road 371464004",
        "highway": "residential",
        "length_m": 348.4,
        "oneway": false,
        "maxspeed": null,
        "source": "OpenStreetMap"
      }
    },
    {
      "type": "Feature",
      "id": "osm-way-371464028",
      "geometry": {
        "type": "LineString",
        "coordinates": [
          [
            79.0918244,
            21.1502602
          ],
          [
            79.0920921,
            21.1501392
          ],
          [
            79.0923689,
            21.1500363
          ],
          [
            79.0924698,
            21.149995
          ],
          [
            79.0925571,
            21.1499595
          ],
          [
            79.0929333,
            21.1498265
          ],
          [
            79.0937621,
            21.1494664
          ],
          [
            79.0942432,
            21.1492726
          ],
          [
            79.094298,
            21.1492935
          ],
          [
            79.0943539,
            21.1493147
          ],
          [
            79.0944148,
            21.1494326
          ],
          [
            79.0944248,
            21.1494986
          ],
          [
            79.0944849,
            21.1498939
          ],
          [
            79.0945345,
            21.1501572
          ],
          [
            79.0946271,
            21.1505259
          ],
          [
            79.0946415,
            21.150618
          ],
          [
            79.0946497,
            21.1506712
          ],
          [
            79.0947076,
            21.1508786
          ],
          [
            79.0947749,
            21.1510757
          ]
        ]
      },
      "properties": {
        "osm_id": "371464028",
        "name": "Road 371464028",
        "highway": "residential",
        "length_m": 487.7,
        "oneway": false,
        "maxspeed": null,
        "source": "OpenStreetMap"
      }
    },
    {
      "type": "Feature",
      "id": "osm-way-371464033",
      "geometry": {
        "type": "LineString",
        "coordinates": [
          [
            79.0913451,
            21.155397
          ],
          [
            79.0913324,
            21.1547706
          ]
        ]
      },
      "properties": {
        "osm_id": "371464033",
        "name": "Road 371464033",
        "highway": "residential",
        "length_m": 69.7,
        "oneway": false,
        "maxspeed": null,
        "source": "OpenStreetMap"
      }
    },
    {
      "type": "Feature",
      "id": "osm-way-371464039",
      "geometry": {
        "type": "LineString",
        "coordinates": [
          [
            79.0917894,
            21.1546487
          ],
          [
            79.0918104,
            21.1546911
          ],
          [
            79.0918462,
            21.155405
          ]
        ]
      },
      "properties": {
        "osm_id": "371464039",
        "name": "Road 371464039",
        "highway": "residential",
        "length_m": 84.7,
        "oneway": false,
        "maxspeed": null,
        "source": "OpenStreetMap"
      }
    },
    {
      "type": "Feature",
      "id": "osm-way-371464067",
      "geometry": {
        "type": "LineString",
        "coordinates": [
          [
            79.0922658,
            21.1579062
          ],
          [
            79.0922598,
            21.1573364
          ],
          [
            79.0922339,
            21.1567332
          ],
          [
            79.09223,
            21.156293
          ],
          [
            79.0922268,
            21.1559561
          ],
          [
            79.0922097,
            21.1553849
          ]
        ]
      },
      "properties": {
        "osm_id": "371464067",
        "name": "Road 371464067",
        "highway": "residential",
        "length_m": 280.4,
        "oneway": false,
        "maxspeed": null,
        "source": "OpenStreetMap"
      }
    },
    {
      "type": "Feature",
      "id": "osm-way-371464078",
      "geometry": {
        "type": "LineString",
        "coordinates": [
          [
            79.0913956,
            21.1567931
          ],
          [
            79.0913667,
            21.1559923
          ],
          [
            79.0913579,
            21.1555361
          ]
        ]
      },
      "properties": {
        "osm_id": "371464078",
        "name": "Road 371464078",
        "highway": "residential",
        "length_m": 139.8,
        "oneway": false,
        "maxspeed": null,
        "source": "OpenStreetMap"
      }
    },
    {
      "type": "Feature",
      "id": "osm-way-371464096",
      "geometry": {
        "type": "LineString",
        "coordinates": [
          [
            79.0917728,
            21.1554069
          ],
          [
            79.0917955,
            21.1559751
          ],
          [
            79.0918045,
            21.1563197
          ],
          [
            79.0918159,
            21.1567605
          ],
          [
            79.091834,
            21.1573649
          ],
          [
            79.091855,
            21.1579239
          ]
        ]
      },
      "properties": {
        "osm_id": "371464096",
        "name": "Road 371464096",
        "highway": "residential",
        "length_m": 280.0,
        "oneway": false,
        "maxspeed": null,
        "source": "OpenStreetMap"
      }
    },
    {
      "type": "Feature",
      "id": "osm-way-371464101",
      "geometry": {
        "type": "LineString",
        "coordinates": [
          [
            79.0910031,
            21.1489333
          ],
          [
            79.0908712,
            21.1481807
          ],
          [
            79.0906897,
            21.1473371
          ],
          [
            79.0906206,
            21.146945
          ],
          [
            79.0904787,
            21.1468982
          ],
          [
            79.0898938,
            21.1469269
          ],
          [
            79.0897686,
            21.1469378
          ]
        ]
      },
      "properties": {
        "osm_id": "371464101",
        "name": "Road 371464101",
        "highway": "residential",
        "length_m": 314.0,
        "oneway": false,
        "maxspeed": null,
        "source": "OpenStreetMap"
      }
    },
    {
      "type": "Feature",
      "id": "osm-way-371464122",
      "geometry": {
        "type": "LineString",
        "coordinates": [
          [
            79.0914183,
            21.1518025
          ],
          [
            79.0914104,
            21.1516877
          ],
          [
            79.091256,
            21.1514662
          ],
          [
            79.0911594,
            21.151316
          ],
          [
            79.0911028,
            21.1511792
          ],
          [
            79.0910248,
            21.1509927
          ],
          [
            79.0908722,
            21.1510231
          ],
          [
            79.0906926,
            21.151043
          ],
          [
            79.0906409,
            21.1510391
          ],
          [
            79.0906017,
            21.1510262
          ],
          [
            79.090568,
            21.1509756
          ],
          [
            79.0905026,
            21.1508856
          ]
        ]
      },
      "properties": {
        "osm_id": "371464122",
        "name": "Road 371464122",
        "highway": "residential",
        "length_m": 163.5,
        "oneway": false,
        "maxspeed": null,
        "source": "OpenStreetMap"
      }
    },
    {
      "type": "Feature",
      "id": "osm-way-371688362",
      "geometry": {
        "type": "LineString",
        "coordinates": [
          [
            79.0675178,
            21.1442613
          ],
          [
            79.0674775,
            21.1442006
          ],
          [
            79.0672223,
            21.1437577
          ],
          [
            79.0672414,
            21.143743
          ],
          [
            79.0672502,
            21.1437189
          ],
          [
            79.0672055,
            21.1428618
          ],
          [
            79.0671976,
            21.1426011
          ]
        ]
      },
      "properties": {
        "osm_id": "371688362",
        "name": "Road 371688362",
        "highway": "residential",
        "length_m": 193.7,
        "oneway": false,
        "maxspeed": null,
        "source": "OpenStreetMap"
      }
    },
    {
      "type": "Feature",
      "id": "osm-way-371699783",
      "geometry": {
        "type": "LineString",
        "coordinates": [
          [
            79.0910689,
            21.1418851
          ],
          [
            79.0910129,
            21.1412145
          ]
        ]
      },
      "properties": {
        "osm_id": "371699783",
        "name": "Road 371699783",
        "highway": "residential",
        "length_m": 74.8,
        "oneway": false,
        "maxspeed": null,
        "source": "OpenStreetMap"
      }
    },
    {
      "type": "Feature",
      "id": "osm-way-371699785",
      "geometry": {
        "type": "LineString",
        "coordinates": [
          [
            79.0922674,
            21.1438949
          ],
          [
            79.0923787,
            21.1439025
          ],
          [
            79.0924726,
            21.1439452
          ],
          [
            79.0930827,
            21.1440377
          ]
        ]
      },
      "properties": {
        "osm_id": "371699785",
        "name": "Road 371699785",
        "highway": "residential",
        "length_m": 86.5,
        "oneway": false,
        "maxspeed": null,
        "source": "OpenStreetMap"
      }
    },
    {
      "type": "Feature",
      "id": "osm-way-371699794",
      "geometry": {
        "type": "LineString",
        "coordinates": [
          [
            79.0865164,
            21.1436485
          ],
          [
            79.0864937,
            21.1431932
          ],
          [
            79.0864767,
            21.1426793
          ]
        ]
      },
      "properties": {
        "osm_id": "371699794",
        "name": "Dadasaheb Karnewar Road",
        "highway": "residential",
        "length_m": 107.9,
        "oneway": false,
        "maxspeed": null,
        "source": "OpenStreetMap"
      }
    },
    {
      "type": "Feature",
      "id": "osm-way-371699802",
      "geometry": {
        "type": "LineString",
        "coordinates": [
          [
            79.0907131,
            21.141926
          ],
          [
            79.0910689,
            21.1418851
          ],
          [
            79.0912771,
            21.1418612
          ],
          [
            79.0913367,
            21.1418259
          ]
        ]
      },
      "properties": {
        "osm_id": "371699802",
        "name": "Road 371699802",
        "highway": "residential",
        "length_m": 66.3,
        "oneway": false,
        "maxspeed": null,
        "source": "OpenStreetMap"
      }
    },
    {
      "type": "Feature",
      "id": "osm-way-371699817",
      "geometry": {
        "type": "LineString",
        "coordinates": [
          [
            79.086537,
            21.1447626
          ],
          [
            79.0864598,
            21.144465
          ],
          [
            79.0863863,
            21.1441961
          ],
          [
            79.0863791,
            21.144169
          ],
          [
            79.0863226,
            21.1438109
          ],
          [
            79.0862706,
            21.1436525
          ]
        ]
      },
      "properties": {
        "osm_id": "371699817",
        "name": "Road 371699817",
        "highway": "residential",
        "length_m": 126.7,
        "oneway": false,
        "maxspeed": null,
        "source": "OpenStreetMap"
      }
    },
    {
      "type": "Feature",
      "id": "osm-way-371699841",
      "geometry": {
        "type": "LineString",
        "coordinates": [
          [
            79.0849488,
            21.1432354
          ],
          [
            79.0851259,
            21.1433023
          ],
          [
            79.0852314,
            21.1433419
          ],
          [
            79.0854805,
            21.1433445
          ],
          [
            79.0856205,
            21.1433297
          ],
          [
            79.0857469,
            21.1433108
          ],
          [
            79.0859518,
            21.1432729
          ]
        ]
      },
      "properties": {
        "osm_id": "371699841",
        "name": "Road 371699841",
        "highway": "residential",
        "length_m": 107.0,
        "oneway": false,
        "maxspeed": null,
        "source": "OpenStreetMap"
      }
    },
    {
      "type": "Feature",
      "id": "osm-way-371699845",
      "geometry": {
        "type": "LineString",
        "coordinates": [
          [
            79.0922633,
            21.144662
          ],
          [
            79.0921803,
            21.1443778
          ],
          [
            79.0921752,
            21.1443124
          ],
          [
            79.0921601,
            21.144121
          ],
          [
            79.0921717,
            21.1439798
          ],
          [
            79.092209,
            21.1439501
          ],
          [
            79.0922302,
            21.1438932
          ],
          [
            79.092221,
            21.1438358
          ],
          [
            79.0920437,
            21.1438297
          ],
          [
            79.0919658,
            21.1437999
          ],
          [
            79.0918346,
            21.143806
          ],
          [
            79.0917003,
            21.1438262
          ]
        ]
      },
      "properties": {
        "osm_id": "371699845",
        "name": "Road 371699845",
        "highway": "residential",
        "length_m": 150.2,
        "oneway": false,
        "maxspeed": null,
        "source": "OpenStreetMap"
      }
    },
    {
      "type": "Feature",
      "id": "osm-way-371993668",
      "geometry": {
        "type": "LineString",
        "coordinates": [
          [
            79.0744112,
            21.149101
          ],
          [
            79.0757208,
            21.1491257
          ]
        ]
      },
      "properties": {
        "osm_id": "371993668",
        "name": "Road 371993668",
        "highway": "residential",
        "length_m": 135.8,
        "oneway": false,
        "maxspeed": null,
        "source": "OpenStreetMap"
      }
    },
    {
      "type": "Feature",
      "id": "osm-way-371993671",
      "geometry": {
        "type": "LineString",
        "coordinates": [
          [
            79.0715206,
            21.1496317
          ],
          [
            79.0722995,
            21.1496191
          ]
        ]
      },
      "properties": {
        "osm_id": "371993671",
        "name": "Road 371993671",
        "highway": "residential",
        "length_m": 80.8,
        "oneway": false,
        "maxspeed": null,
        "source": "OpenStreetMap"
      }
    },
    {
      "type": "Feature",
      "id": "osm-way-371993673",
      "geometry": {
        "type": "LineString",
        "coordinates": [
          [
            79.0756913,
            21.1505471
          ],
          [
            79.0763467,
            21.1506744
          ]
        ]
      },
      "properties": {
        "osm_id": "371993673",
        "name": "Road 371993673",
        "highway": "residential",
        "length_m": 69.4,
        "oneway": false,
        "maxspeed": null,
        "source": "OpenStreetMap"
      }
    },
    {
      "type": "Feature",
      "id": "osm-way-371993680",
      "geometry": {
        "type": "LineString",
        "coordinates": [
          [
            79.0768868,
            21.1510582
          ],
          [
            79.0765396,
            21.1502814
          ]
        ]
      },
      "properties": {
        "osm_id": "371993680",
        "name": "Road 371993680",
        "highway": "residential",
        "length_m": 93.6,
        "oneway": false,
        "maxspeed": null,
        "source": "OpenStreetMap"
      }
    },
    {
      "type": "Feature",
      "id": "osm-way-371993685",
      "geometry": {
        "type": "LineString",
        "coordinates": [
          [
            79.0801226,
            21.1510832
          ],
          [
            79.0801344,
            21.1509914
          ],
          [
            79.0801446,
            21.1509115
          ],
          [
            79.0801355,
            21.1499084
          ]
        ]
      },
      "properties": {
        "osm_id": "371993685",
        "name": "Road 371993685",
        "highway": "residential",
        "length_m": 130.8,
        "oneway": false,
        "maxspeed": null,
        "source": "OpenStreetMap"
      }
    },
    {
      "type": "Feature",
      "id": "osm-way-371993687",
      "geometry": {
        "type": "LineString",
        "coordinates": [
          [
            79.0668405,
            21.1475404
          ],
          [
            79.0676702,
            21.1474871
          ]
        ]
      },
      "properties": {
        "osm_id": "371993687",
        "name": "Road 371993687",
        "highway": "residential",
        "length_m": 86.2,
        "oneway": false,
        "maxspeed": null,
        "source": "OpenStreetMap"
      }
    },
    {
      "type": "Feature",
      "id": "osm-way-371993690",
      "geometry": {
        "type": "LineString",
        "coordinates": [
          [
            79.0709776,
            21.149733
          ],
          [
            79.0703287,
            21.1497783
          ]
        ]
      },
      "properties": {
        "osm_id": "371993690",
        "name": "Road 371993690",
        "highway": "residential",
        "length_m": 67.5,
        "oneway": false,
        "maxspeed": null,
        "source": "OpenStreetMap"
      }
    },
    {
      "type": "Feature",
      "id": "osm-way-371993692",
      "geometry": {
        "type": "LineString",
        "coordinates": [
          [
            79.0729893,
            21.1483118
          ],
          [
            79.0729577,
            21.1483662
          ],
          [
            79.0729626,
            21.1484156
          ],
          [
            79.0729901,
            21.1485169
          ],
          [
            79.0730184,
            21.1486125
          ],
          [
            79.0730502,
            21.1487073
          ],
          [
            79.0730645,
            21.1487443
          ],
          [
            79.0730829,
            21.148761
          ]
        ]
      },
      "properties": {
        "osm_id": "371993692",
        "name": "Road 371993692",
        "highway": "residential",
        "length_m": 53.1,
        "oneway": true,
        "maxspeed": null,
        "source": "OpenStreetMap"
      }
    },
    {
      "type": "Feature",
      "id": "osm-way-371993693",
      "geometry": {
        "type": "LineString",
        "coordinates": [
          [
            79.0767329,
            21.1495762
          ],
          [
            79.0767398,
            21.1492735
          ],
          [
            79.0767467,
            21.149093
          ],
          [
            79.0767904,
            21.1487552
          ],
          [
            79.076862,
            21.1484774
          ],
          [
            79.0769633,
            21.1483873
          ]
        ]
      },
      "properties": {
        "osm_id": "371993693",
        "name": "Road 371993693",
        "highway": "residential",
        "length_m": 137.9,
        "oneway": false,
        "maxspeed": null,
        "source": "OpenStreetMap"
      }
    },
    {
      "type": "Feature",
      "id": "osm-way-371993697",
      "geometry": {
        "type": "LineString",
        "coordinates": [
          [
            79.0702692,
            21.1493035
          ],
          [
            79.0710591,
            21.1492209
          ],
          [
            79.0709281,
            21.1484949
          ]
        ]
      },
      "properties": {
        "osm_id": "371993697",
        "name": "Road 371993697",
        "highway": "residential",
        "length_m": 164.3,
        "oneway": false,
        "maxspeed": null,
        "source": "OpenStreetMap"
      }
    },
    {
      "type": "Feature",
      "id": "osm-way-371993700",
      "geometry": {
        "type": "LineString",
        "coordinates": [
          [
            79.0746518,
            21.1504721
          ],
          [
            79.0748202,
            21.1504473
          ],
          [
            79.0750837,
            21.1503808
          ]
        ]
      },
      "properties": {
        "osm_id": "371993700",
        "name": "Road 371993700",
        "highway": "residential",
        "length_m": 46.0,
        "oneway": false,
        "maxspeed": null,
        "source": "OpenStreetMap"
      }
    },
    {
      "type": "Feature",
      "id": "osm-way-371993703",
      "geometry": {
        "type": "LineString",
        "coordinates": [
          [
            79.0756087,
            21.1508181
          ],
          [
            79.0756913,
            21.1505471
          ],
          [
            79.0757099,
            21.1503346
          ]
        ]
      },
      "properties": {
        "osm_id": "371993703",
        "name": "Road 371993703",
        "highway": "residential",
        "length_m": 55.0,
        "oneway": false,
        "maxspeed": null,
        "source": "OpenStreetMap"
      }
    },
    {
      "type": "Feature",
      "id": "osm-way-371993705",
      "geometry": {
        "type": "LineString",
        "coordinates": [
          [
            79.0744626,
            21.1493936
          ],
          [
            79.0745218,
            21.149393
          ],
          [
            79.0753565,
            21.1493849
          ]
        ]
      },
      "properties": {
        "osm_id": "371993705",
        "name": "Road 371993705",
        "highway": "residential",
        "length_m": 92.7,
        "oneway": false,
        "maxspeed": null,
        "source": "OpenStreetMap"
      }
    },
    {
      "type": "Feature",
      "id": "osm-way-371993712",
      "geometry": {
        "type": "LineString",
        "coordinates": [
          [
            79.0808294,
            21.1521803
          ],
          [
            79.0807647,
            21.1523468
          ],
          [
            79.0807413,
            21.1524141
          ],
          [
            79.0807177,
            21.1524818
          ],
          [
            79.0806474,
            21.1526005
          ]
        ]
      },
      "properties": {
        "osm_id": "371993712",
        "name": "Road 371993712",
        "highway": "trunk_link",
        "length_m": 50.6,
        "oneway": true,
        "maxspeed": null,
        "source": "OpenStreetMap"
      }
    },
    {
      "type": "Feature",
      "id": "osm-way-371993714",
      "geometry": {
        "type": "LineString",
        "coordinates": [
          [
            79.0764467,
            21.1509753
          ],
          [
            79.0763467,
            21.1506744
          ],
          [
            79.0763223,
            21.150601
          ],
          [
            79.0762097,
            21.1502621
          ]
        ]
      },
      "properties": {
        "osm_id": "371993714",
        "name": "Road 371993714",
        "highway": "residential",
        "length_m": 83.0,
        "oneway": false,
        "maxspeed": null,
        "source": "OpenStreetMap"
      }
    },
    {
      "type": "Feature",
      "id": "osm-way-371993715",
      "geometry": {
        "type": "LineString",
        "coordinates": [
          [
            79.0907446,
            21.1538426
          ],
          [
            79.0909677,
            21.1537767
          ],
          [
            79.0914395,
            21.1535466
          ]
        ]
      },
      "properties": {
        "osm_id": "371993715",
        "name": "Road 371993715",
        "highway": "tertiary",
        "length_m": 79.5,
        "oneway": true,
        "maxspeed": null,
        "source": "OpenStreetMap"
      }
    },
    {
      "type": "Feature",
      "id": "osm-way-371993719",
      "geometry": {
        "type": "LineString",
        "coordinates": [
          [
            79.0681451,
            21.1512789
          ],
          [
            79.0690129,
            21.1509846
          ],
          [
            79.0691407,
            21.1513987
          ],
          [
            79.0693164,
            21.1514076
          ],
          [
            79.0700702,
            21.1512885
          ]
        ]
      },
      "properties": {
        "osm_id": "371993719",
        "name": "Road 371993719",
        "highway": "residential",
        "length_m": 241.2,
        "oneway": false,
        "maxspeed": null,
        "source": "OpenStreetMap"
      }
    },
    {
      "type": "Feature",
      "id": "osm-way-371993720",
      "geometry": {
        "type": "LineString",
        "coordinates": [
          [
            79.0799358,
            21.1488344
          ],
          [
            79.0799029,
            21.1491554
          ],
          [
            79.0799862,
            21.1495786
          ],
          [
            79.0800191,
            21.1497483
          ],
          [
            79.0800896,
            21.1499393
          ]
        ]
      },
      "properties": {
        "osm_id": "371993720",
        "name": "Road 371993720",
        "highway": "residential",
        "length_m": 125.3,
        "oneway": false,
        "maxspeed": null,
        "source": "OpenStreetMap"
      }
    },
    {
      "type": "Feature",
      "id": "osm-way-371993721",
      "geometry": {
        "type": "LineString",
        "coordinates": [
          [
            79.0704561,
            21.1509966
          ],
          [
            79.070389,
            21.1503548
          ],
          [
            79.0703287,
            21.1497783
          ],
          [
            79.070316,
            21.1496569
          ],
          [
            79.0702692,
            21.1493035
          ],
          [
            79.0701832,
            21.1487244
          ]
        ]
      },
      "properties": {
        "osm_id": "371993721",
        "name": "Road 371993721",
        "highway": "residential",
        "length_m": 254.3,
        "oneway": false,
        "maxspeed": null,
        "source": "OpenStreetMap"
      }
    },
    {
      "type": "Feature",
      "id": "osm-way-371993724",
      "geometry": {
        "type": "LineString",
        "coordinates": [
          [
            79.0680897,
            21.1507179
          ],
          [
            79.0687397,
            21.1505689
          ],
          [
            79.0689791,
            21.1505099
          ],
          [
            79.0691146,
            21.1505099
          ],
          [
            79.0693811,
            21.1505731
          ],
          [
            79.070389,
            21.1503548
          ]
        ]
      },
      "properties": {
        "osm_id": "371993724",
        "name": "Road 371993724",
        "highway": "residential",
        "length_m": 245.0,
        "oneway": false,
        "maxspeed": null,
        "source": "OpenStreetMap"
      }
    },
    {
      "type": "Feature",
      "id": "osm-way-371993734",
      "geometry": {
        "type": "LineString",
        "coordinates": [
          [
            79.0742142,
            21.1504749
          ],
          [
            79.0741994,
            21.1504864
          ],
          [
            79.0741829,
            21.1505092
          ],
          [
            79.0741939,
            21.1506316
          ],
          [
            79.0741778,
            21.150652
          ],
          [
            79.074146,
            21.1506644
          ],
          [
            79.0739575,
            21.1506838
          ],
          [
            79.0737395,
            21.1507424
          ],
          [
            79.0734667,
            21.1508136
          ]
        ]
      },
      "properties": {
        "osm_id": "371993734",
        "name": "Road 371993734",
        "highway": "residential",
        "length_m": 97.7,
        "oneway": false,
        "maxspeed": null,
        "source": "OpenStreetMap"
      }
    },
    {
      "type": "Feature",
      "id": "osm-way-412149625",
      "geometry": {
        "type": "LineString",
        "coordinates": [
          [
            79.0912104,
            21.1518394
          ],
          [
            79.0912895,
            21.1523457
          ],
          [
            79.0913396,
            21.1527624
          ],
          [
            79.0913595,
            21.152923
          ],
          [
            79.0913976,
            21.1532315
          ]
        ]
      },
      "properties": {
        "osm_id": "412149625",
        "name": "Road 412149625",
        "highway": "tertiary",
        "length_m": 156.0,
        "oneway": false,
        "maxspeed": null,
        "source": "OpenStreetMap"
      }
    },
    {
      "type": "Feature",
      "id": "osm-way-456673258",
      "geometry": {
        "type": "LineString",
        "coordinates": [
          [
            79.0896357,
            21.1376229
          ],
          [
            79.089624,
            21.1378333
          ],
          [
            79.0895664,
            21.1385368
          ],
          [
            79.0895095,
            21.1387005
          ],
          [
            79.0893376,
            21.1389856
          ],
          [
            79.0891976,
            21.1391868
          ],
          [
            79.0891872,
            21.1394149
          ],
          [
            79.0892188,
            21.1398599
          ],
          [
            79.0892889,
            21.1402663
          ],
          [
            79.0893851,
            21.1410022
          ],
          [
            79.0894601,
            21.1414483
          ],
          [
            79.0894959,
            21.1417338
          ],
          [
            79.0895998,
            21.1425715
          ],
          [
            79.0896191,
            21.1427962
          ],
          [
            79.08963,
            21.1429062
          ],
          [
            79.0896426,
            21.1430049
          ],
          [
            79.0896575,
            21.1431603
          ],
          [
            79.0896117,
            21.1434317
          ],
          [
            79.0895711,
            21.1435558
          ],
          [
            79.0895361,
            21.1437284
          ],
          [
            79.089527,
            21.1437923
          ],
          [
            79.0895362,
            21.1441887
          ],
          [
            79.0895392,
            21.1442949
          ],
          [
            79.0895495,
            21.144656
          ],
          [
            79.0895717,
            21.1449475
          ],
          [
            79.0895783,
            21.1450383
          ],
          [
            79.0896435,
            21.1455696
          ],
          [
            79.0896729,
            21.1459104
          ],
          [
            79.0897022,
            21.14622
          ],
          [
            79.0897254,
            21.146465
          ],
          [
            79.0897686,
            21.1469378
          ]
        ]
      },
      "properties": {
        "osm_id": "456673258",
        "name": "Ghat Road",
        "highway": "secondary",
        "length_m": 1051.4,
        "oneway": true,
        "maxspeed": null,
        "source": "OpenStreetMap"
      }
    },
    {
      "type": "Feature",
      "id": "osm-way-463508841",
      "geometry": {
        "type": "LineString",
        "coordinates": [
          [
            79.0886852,
            21.1450575
          ],
          [
            79.088347,
            21.1451036
          ]
        ]
      },
      "properties": {
        "osm_id": "463508841",
        "name": "New Loha Railway Underpass",
        "highway": "secondary",
        "length_m": 35.4,
        "oneway": true,
        "maxspeed": null,
        "source": "OpenStreetMap"
      }
    },
    {
      "type": "Feature",
      "id": "osm-way-463509593",
      "geometry": {
        "type": "LineString",
        "coordinates": [
          [
            79.0893682,
            21.1402632
          ],
          [
            79.0892889,
            21.1402663
          ],
          [
            79.0887678,
            21.140315
          ],
          [
            79.0887826,
            21.140588
          ]
        ]
      },
      "properties": {
        "osm_id": "463509593",
        "name": "Road 463509593",
        "highway": "residential",
        "length_m": 92.9,
        "oneway": false,
        "maxspeed": null,
        "source": "OpenStreetMap"
      }
    },
    {
      "type": "Feature",
      "id": "osm-way-469329732",
      "geometry": {
        "type": "LineString",
        "coordinates": [
          [
            79.0786597,
            21.1391441
          ],
          [
            79.0785182,
            21.1391981
          ],
          [
            79.078324,
            21.1391736
          ],
          [
            79.077764,
            21.1390296
          ],
          [
            79.0773307,
            21.1389126
          ],
          [
            79.0768941,
            21.1387821
          ],
          [
            79.0761675,
            21.1385664
          ],
          [
            79.0755762,
            21.1383884
          ],
          [
            79.074888,
            21.1381716
          ],
          [
            79.0743648,
            21.1380027
          ],
          [
            79.0733989,
            21.1377825
          ]
        ]
      },
      "properties": {
        "osm_id": "469329732",
        "name": "Sheo Dan Mal Mokha Marg",
        "highway": "tertiary",
        "length_m": 570.2,
        "oneway": false,
        "maxspeed": null,
        "source": "OpenStreetMap"
      }
    },
    {
      "type": "Feature",
      "id": "osm-way-503490290",
      "geometry": {
        "type": "LineString",
        "coordinates": [
          [
            79.0880748,
            21.1465926
          ],
          [
            79.087989,
            21.1468178
          ],
          [
            79.0878618,
            21.147183
          ],
          [
            79.0877719,
            21.1475358
          ],
          [
            79.0876606,
            21.147931
          ],
          [
            79.0875775,
            21.1482637
          ],
          [
            79.0875332,
            21.1484501
          ],
          [
            79.0875158,
            21.1486527
          ],
          [
            79.0875078,
            21.1488116
          ],
          [
            79.0875064,
            21.1490292
          ],
          [
            79.0875144,
            21.1493194
          ],
          [
            79.0875211,
            21.1494845
          ],
          [
            79.0875413,
            21.149841
          ],
          [
            79.0875707,
            21.1502199
          ],
          [
            79.0875962,
            21.1504613
          ],
          [
            79.0876609,
            21.1508145
          ],
          [
            79.0876694,
            21.1508977
          ],
          [
            79.087671,
            21.1510226
          ],
          [
            79.0876606,
            21.1510992
          ],
          [
            79.0876016,
            21.1512718
          ],
          [
            79.0875359,
            21.1515132
          ],
          [
            79.0875104,
            21.1516808
          ],
          [
            79.0875158,
            21.1520273
          ],
          [
            79.0875372,
            21.1523287
          ],
          [
            79.0875359,
            21.1525451
          ],
          [
            79.0875077,
            21.1527477
          ],
          [
            79.0874782,
            21.1528514
          ],
          [
            79.0874608,
            21.1529128
          ],
          [
            79.08734,
            21.1532204
          ],
          [
            79.0872784,
            21.1533909
          ],
          [
            79.08725,
            21.1534699
          ]
        ]
      },
      "properties": {
        "osm_id": "503490290",
        "name": "Road 503490290",
        "highway": "secondary",
        "length_m": 780.2,
        "oneway": true,
        "maxspeed": "40",
        "source": "OpenStreetMap"
      }
    },
    {
      "type": "Feature",
      "id": "osm-way-503491201",
      "geometry": {
        "type": "LineString",
        "coordinates": [
          [
            79.0882567,
            21.1456524
          ],
          [
            79.0882435,
            21.1455097
          ],
          [
            79.0882338,
            21.1454044
          ],
          [
            79.0882193,
            21.1452537
          ],
          [
            79.0882305,
            21.1452083
          ],
          [
            79.0882653,
            21.1451775
          ]
        ]
      },
      "properties": {
        "osm_id": "503491201",
        "name": "Road 503491201",
        "highway": "secondary",
        "length_m": 54.7,
        "oneway": true,
        "maxspeed": null,
        "source": "OpenStreetMap"
      }
    },
    {
      "type": "Feature",
      "id": "osm-way-503491202",
      "geometry": {
        "type": "LineString",
        "coordinates": [
          [
            79.0879894,
            21.1451366
          ],
          [
            79.0880432,
            21.1454144
          ],
          [
            79.0880733,
            21.1455465
          ],
          [
            79.0881058,
            21.1456471
          ],
          [
            79.0881208,
            21.1456974
          ]
        ]
      },
      "properties": {
        "osm_id": "503491202",
        "name": "Road 503491202",
        "highway": "secondary",
        "length_m": 63.9,
        "oneway": true,
        "maxspeed": null,
        "source": "OpenStreetMap"
      }
    },
    {
      "type": "Feature",
      "id": "osm-way-503491203",
      "geometry": {
        "type": "LineString",
        "coordinates": [
          [
            79.0883313,
            21.1456956
          ],
          [
            79.0882979,
            21.1456681
          ],
          [
            79.0882567,
            21.1456524
          ],
          [
            79.0882189,
            21.1456494
          ],
          [
            79.0881817,
            21.1456565
          ],
          [
            79.0881481,
            21.1456729
          ],
          [
            79.0881208,
            21.1456974
          ],
          [
            79.0881031,
            21.1457252
          ],
          [
            79.0880937,
            21.1457563
          ],
          [
            79.0880945,
            21.1457976
          ],
          [
            79.0881096,
            21.1458364
          ],
          [
            79.088132,
            21.1458638
          ],
          [
            79.0881614,
            21.1458844
          ],
          [
            79.0881958,
            21.1458969
          ],
          [
            79.0882286,
            21.1459002
          ],
          [
            79.0882614,
            21.145896
          ],
          [
            79.0883019,
            21.1458789
          ],
          [
            79.0883342,
            21.1458503
          ],
          [
            79.0883548,
            21.1458135
          ],
          [
            79.0883614,
            21.1457725
          ],
          [
            79.0883532,
            21.1457317
          ],
          [
            79.0883313,
            21.1456956
          ]
        ]
      },
      "properties": {
        "osm_id": "503491203",
        "name": "Road 503491203",
        "highway": "secondary",
        "length_m": 87.4,
        "oneway": false,
        "maxspeed": null,
        "source": "OpenStreetMap"
      }
    },
    {
      "type": "Feature",
      "id": "osm-way-503491204",
      "geometry": {
        "type": "LineString",
        "coordinates": [
          [
            79.0880937,
            21.1457563
          ],
          [
            79.0876936,
            21.1458218
          ]
        ]
      },
      "properties": {
        "osm_id": "503491204",
        "name": "Road 503491204",
        "highway": "secondary",
        "length_m": 42.1,
        "oneway": true,
        "maxspeed": null,
        "source": "OpenStreetMap"
      }
    },
    {
      "type": "Feature",
      "id": "osm-way-503491205",
      "geometry": {
        "type": "LineString",
        "coordinates": [
          [
            79.081035,
            21.1473379
          ],
          [
            79.0811297,
            21.1474043
          ],
          [
            79.0812209,
            21.1474163
          ],
          [
            79.0815619,
            21.1474333
          ],
          [
            79.0817734,
            21.1474031
          ],
          [
            79.0820194,
            21.1473522
          ],
          [
            79.0822592,
            21.1473026
          ],
          [
            79.0826352,
            21.1472362
          ],
          [
            79.0828954,
            21.1471889
          ],
          [
            79.0832593,
            21.1471187
          ],
          [
            79.0836069,
            21.1470429
          ],
          [
            79.0839382,
            21.1469576
          ],
          [
            79.0841908,
            21.1468923
          ],
          [
            79.0842391,
            21.1468798
          ],
          [
            79.0845745,
            21.1468116
          ],
          [
            79.0848875,
            21.1467168
          ],
          [
            79.0851579,
            21.1466523
          ],
          [
            79.0855685,
            21.1465367
          ],
          [
            79.0860889,
            21.1463831
          ],
          [
            79.0861641,
            21.1463596
          ],
          [
            79.0865442,
            21.1462409
          ],
          [
            79.0869345,
            21.1461253
          ],
          [
            79.0873573,
            21.1460172
          ],
          [
            79.087722,
            21.145899
          ],
          [
            79.0881096,
            21.1458364
          ]
        ]
      },
      "properties": {
        "osm_id": "503491205",
        "name": "Road 503491205",
        "highway": "secondary",
        "length_m": 760.1,
        "oneway": true,
        "maxspeed": null,
        "source": "OpenStreetMap"
      }
    },
    {
      "type": "Feature",
      "id": "osm-way-503491938",
      "geometry": {
        "type": "LineString",
        "coordinates": [
          [
            79.0876936,
            21.1458218
          ],
          [
            79.087722,
            21.145899
          ]
        ]
      },
      "properties": {
        "osm_id": "503491938",
        "name": "Road 503491938",
        "highway": "residential",
        "length_m": 9.1,
        "oneway": false,
        "maxspeed": null,
        "source": "OpenStreetMap"
      }
    },
    {
      "type": "Feature",
      "id": "osm-way-503491939",
      "geometry": {
        "type": "LineString",
        "coordinates": [
          [
            79.0861641,
            21.1463596
          ],
          [
            79.0861634,
            21.1462583
          ]
        ]
      },
      "properties": {
        "osm_id": "503491939",
        "name": "Road 503491939",
        "highway": "residential",
        "length_m": 11.3,
        "oneway": false,
        "maxspeed": null,
        "source": "OpenStreetMap"
      }
    },
    {
      "type": "Feature",
      "id": "osm-way-503491940",
      "geometry": {
        "type": "LineString",
        "coordinates": [
          [
            79.0841908,
            21.1468923
          ],
          [
            79.0841802,
            21.146823
          ]
        ]
      },
      "properties": {
        "osm_id": "503491940",
        "name": "Road 503491940",
        "highway": "residential",
        "length_m": 7.8,
        "oneway": false,
        "maxspeed": null,
        "source": "OpenStreetMap"
      }
    },
    {
      "type": "Feature",
      "id": "osm-way-503491941",
      "geometry": {
        "type": "LineString",
        "coordinates": [
          [
            79.0820194,
            21.1473522
          ],
          [
            79.0820102,
            21.1472699
          ]
        ]
      },
      "properties": {
        "osm_id": "503491941",
        "name": "Road 503491941",
        "highway": "secondary_link",
        "length_m": 9.2,
        "oneway": false,
        "maxspeed": null,
        "source": "OpenStreetMap"
      }
    },
    {
      "type": "Feature",
      "id": "osm-way-503491942",
      "geometry": {
        "type": "LineString",
        "coordinates": [
          [
            79.0815301,
            21.1473626
          ],
          [
            79.0814476,
            21.1472828
          ],
          [
            79.0814106,
            21.1472038
          ],
          [
            79.0813659,
            21.1470989
          ],
          [
            79.0813322,
            21.147018
          ]
        ]
      },
      "properties": {
        "osm_id": "503491942",
        "name": "Road 503491942",
        "highway": "trunk_link",
        "length_m": 44.1,
        "oneway": true,
        "maxspeed": null,
        "source": "OpenStreetMap"
      }
    },
    {
      "type": "Feature",
      "id": "osm-way-503491943",
      "geometry": {
        "type": "LineString",
        "coordinates": [
          [
            79.0818376,
            21.1555781
          ],
          [
            79.0817967,
            21.1553376
          ]
        ]
      },
      "properties": {
        "osm_id": "503491943",
        "name": "NH47;NH53",
        "highway": "trunk",
        "length_m": 27.1,
        "oneway": true,
        "maxspeed": null,
        "source": "OpenStreetMap"
      }
    },
    {
      "type": "Feature",
      "id": "osm-way-503492114",
      "geometry": {
        "type": "LineString",
        "coordinates": [
          [
            79.0876623,
            21.1500146
          ],
          [
            79.0876074,
            21.1494506
          ],
          [
            79.0875897,
            21.1488085
          ],
          [
            79.0877026,
            21.1481694
          ],
          [
            79.0881718,
            21.146544
          ],
          [
            79.0882353,
            21.1461924
          ],
          [
            79.0882562,
            21.1460395
          ],
          [
            79.0882614,
            21.145896
          ]
        ]
      },
      "properties": {
        "osm_id": "503492114",
        "name": "Road 503492114",
        "highway": "secondary",
        "length_m": 466.3,
        "oneway": true,
        "maxspeed": "20",
        "source": "OpenStreetMap"
      }
    },
    {
      "type": "Feature",
      "id": "osm-way-503493076",
      "geometry": {
        "type": "LineString",
        "coordinates": [
          [
            79.0817736,
            21.1556738
          ],
          [
            79.0818529,
            21.155635
          ],
          [
            79.0818693,
            21.1556269
          ],
          [
            79.0820372,
            21.1555577
          ],
          [
            79.0821235,
            21.1555142
          ]
        ]
      },
      "properties": {
        "osm_id": "503493076",
        "name": "Kingsway Road;Bhandara Road",
        "highway": "trunk",
        "length_m": 40.4,
        "oneway": true,
        "maxspeed": null,
        "source": "OpenStreetMap"
      }
    },
    {
      "type": "Feature",
      "id": "osm-way-503689275",
      "geometry": {
        "type": "LineString",
        "coordinates": [
          [
            79.0930006,
            21.1532943
          ],
          [
            79.0929553,
            21.1532376
          ],
          [
            79.0929098,
            21.1532256
          ],
          [
            79.0927668,
            21.1532191
          ],
          [
            79.0922197,
            21.1532114
          ],
          [
            79.0916535,
            21.1532267
          ],
          [
            79.0913976,
            21.1532315
          ],
          [
            79.0911905,
            21.153248
          ],
          [
            79.0907189,
            21.1532691
          ]
        ]
      },
      "properties": {
        "osm_id": "503689275",
        "name": "Road 503689275",
        "highway": "tertiary",
        "length_m": 240.2,
        "oneway": true,
        "maxspeed": null,
        "source": "OpenStreetMap"
      }
    },
    {
      "type": "Feature",
      "id": "osm-way-503689466",
      "geometry": {
        "type": "LineString",
        "coordinates": [
          [
            79.0922197,
            21.1532114
          ],
          [
            79.0922414,
            21.1529477
          ],
          [
            79.0922698,
            21.1526349
          ]
        ]
      },
      "properties": {
        "osm_id": "503689466",
        "name": "Road 503689466",
        "highway": "residential",
        "length_m": 64.3,
        "oneway": false,
        "maxspeed": null,
        "source": "OpenStreetMap"
      }
    },
    {
      "type": "Feature",
      "id": "osm-way-503715322",
      "geometry": {
        "type": "LineString",
        "coordinates": [
          [
            79.0860127,
            21.1379533
          ],
          [
            79.0860591,
            21.1381078
          ],
          [
            79.0860808,
            21.1382145
          ],
          [
            79.0860862,
            21.1383171
          ],
          [
            79.0860593,
            21.1384421
          ],
          [
            79.0859655,
            21.1385872
          ],
          [
            79.0858233,
            21.1387524
          ],
          [
            79.0855309,
            21.1391026
          ],
          [
            79.0854612,
            21.1392277
          ],
          [
            79.0854397,
            21.1393102
          ],
          [
            79.0854401,
            21.139369
          ],
          [
            79.0854535,
            21.139433
          ],
          [
            79.0854885,
            21.1395266
          ]
        ]
      },
      "properties": {
        "osm_id": "503715322",
        "name": "Road 503715322",
        "highway": "secondary",
        "length_m": 197.2,
        "oneway": true,
        "maxspeed": null,
        "source": "OpenStreetMap"
      }
    },
    {
      "type": "Feature",
      "id": "osm-way-503965971",
      "geometry": {
        "type": "LineString",
        "coordinates": [
          [
            79.091245,
            21.1373817
          ],
          [
            79.0912697,
            21.1374897
          ],
          [
            79.0912992,
            21.1375815
          ],
          [
            79.0914436,
            21.1381678
          ],
          [
            79.0918963,
            21.1394431
          ],
          [
            79.0919306,
            21.1401075
          ],
          [
            79.0918774,
            21.1405596
          ],
          [
            79.0918412,
            21.140765
          ],
          [
            79.0918299,
            21.1408383
          ],
          [
            79.0918128,
            21.1409296
          ],
          [
            79.0917594,
            21.141229
          ],
          [
            79.0917278,
            21.1414082
          ],
          [
            79.0917289,
            21.1414642
          ],
          [
            79.0917317,
            21.1416061
          ],
          [
            79.0917331,
            21.1416772
          ],
          [
            79.09174,
            21.1420267
          ],
          [
            79.091692,
            21.1434913
          ],
          [
            79.0917003,
            21.1438262
          ],
          [
            79.0917204,
            21.1441488
          ],
          [
            79.0917052,
            21.1447359
          ],
          [
            79.091705,
            21.1447947
          ]
        ]
      },
      "properties": {
        "osm_id": "503965971",
        "name": "Jat-tarodi Road",
        "highway": "tertiary",
        "length_m": 836.1,
        "oneway": false,
        "maxspeed": null,
        "source": "OpenStreetMap"
      }
    },
    {
      "type": "Feature",
      "id": "osm-way-503968867",
      "geometry": {
        "type": "LineString",
        "coordinates": [
          [
            79.0956979,
            21.1444331
          ],
          [
            79.0947979,
            21.1444844
          ],
          [
            79.0947016,
            21.1444899
          ],
          [
            79.0945999,
            21.1444957
          ],
          [
            79.09431,
            21.1445055
          ],
          [
            79.0939551,
            21.1445176
          ],
          [
            79.0938174,
            21.1445294
          ],
          [
            79.0930828,
            21.1445921
          ],
          [
            79.0922633,
            21.144662
          ],
          [
            79.0919517,
            21.1446936
          ],
          [
            79.0917052,
            21.1447359
          ],
          [
            79.0916447,
            21.1447389
          ],
          [
            79.0915911,
            21.1447462
          ],
          [
            79.0907977,
            21.1448179
          ],
          [
            79.0906727,
            21.1448315
          ],
          [
            79.090432,
            21.1448577
          ],
          [
            79.0900344,
            21.1449009
          ],
          [
            79.0896631,
            21.1449413
          ]
        ]
      },
      "properties": {
        "osm_id": "503968867",
        "name": "Road 503968867",
        "highway": "secondary",
        "length_m": 628.7,
        "oneway": true,
        "maxspeed": null,
        "source": "OpenStreetMap"
      }
    },
    {
      "type": "Feature",
      "id": "osm-way-503970761",
      "geometry": {
        "type": "LineString",
        "coordinates": [
          [
            79.0890459,
            21.1450903
          ],
          [
            79.0892216,
            21.145073
          ],
          [
            79.0895783,
            21.1450383
          ],
          [
            79.0896713,
            21.1450292
          ],
          [
            79.0899333,
            21.1449825
          ],
          [
            79.0904449,
            21.1449296
          ],
          [
            79.0904894,
            21.144925
          ],
          [
            79.0909793,
            21.1448747
          ],
          [
            79.0914769,
            21.1448201
          ],
          [
            79.091705,
            21.1447947
          ],
          [
            79.091805,
            21.1447813
          ],
          [
            79.0919257,
            21.144767
          ],
          [
            79.092107,
            21.1447454
          ],
          [
            79.0926569,
            21.1446923
          ],
          [
            79.0930775,
            21.1446578
          ],
          [
            79.0936044,
            21.1446075
          ],
          [
            79.0940896,
            21.1445845
          ],
          [
            79.0945718,
            21.1445673
          ],
          [
            79.0949446,
            21.1445414
          ],
          [
            79.0953867,
            21.1445084
          ],
          [
            79.0957,
            21.1445038
          ]
        ]
      },
      "properties": {
        "osm_id": "503970761",
        "name": "Road 503970761",
        "highway": "secondary",
        "length_m": 693.6,
        "oneway": true,
        "maxspeed": null,
        "source": "OpenStreetMap"
      }
    },
    {
      "type": "Feature",
      "id": "osm-way-503970762",
      "geometry": {
        "type": "LineString",
        "coordinates": [
          [
            79.0898938,
            21.1469269
          ],
          [
            79.0898401,
            21.1464523
          ],
          [
            79.0898326,
            21.1463493
          ],
          [
            79.0898281,
            21.1462876
          ],
          [
            79.0898173,
            21.1462045
          ],
          [
            79.0897783,
            21.1459058
          ],
          [
            79.0897598,
            21.1457665
          ],
          [
            79.0897366,
            21.1455896
          ],
          [
            79.0896913,
            21.1452445
          ],
          [
            79.0896713,
            21.1450292
          ],
          [
            79.0896631,
            21.1449413
          ]
        ]
      },
      "properties": {
        "osm_id": "503970762",
        "name": "Ghat Road",
        "highway": "secondary",
        "length_m": 222.1,
        "oneway": true,
        "maxspeed": null,
        "source": "OpenStreetMap"
      }
    },
    {
      "type": "Feature",
      "id": "osm-way-503970763",
      "geometry": {
        "type": "LineString",
        "coordinates": [
          [
            79.0883577,
            21.1451672
          ],
          [
            79.0887041,
            21.1451285
          ]
        ]
      },
      "properties": {
        "osm_id": "503970763",
        "name": "New Loha Railway Underpass",
        "highway": "secondary",
        "length_m": 36.2,
        "oneway": true,
        "maxspeed": null,
        "source": "OpenStreetMap"
      }
    },
    {
      "type": "Feature",
      "id": "osm-way-503970765",
      "geometry": {
        "type": "LineString",
        "coordinates": [
          [
            79.0896631,
            21.1449413
          ],
          [
            79.0895717,
            21.1449475
          ],
          [
            79.089444,
            21.1449561
          ],
          [
            79.089254,
            21.1449805
          ],
          [
            79.0891361,
            21.1449957
          ],
          [
            79.0886852,
            21.1450575
          ]
        ]
      },
      "properties": {
        "osm_id": "503970765",
        "name": "Road 503970765",
        "highway": "secondary",
        "length_m": 102.3,
        "oneway": true,
        "maxspeed": null,
        "source": "OpenStreetMap"
      }
    },
    {
      "type": "Feature",
      "id": "osm-way-503971543",
      "geometry": {
        "type": "LineString",
        "coordinates": [
          [
            79.0919517,
            21.1446936
          ],
          [
            79.0919257,
            21.144767
          ],
          [
            79.0918834,
            21.1448745
          ],
          [
            79.0918824,
            21.1450771
          ],
          [
            79.0918628,
            21.1453283
          ],
          [
            79.091852,
            21.1455047
          ],
          [
            79.0918333,
            21.1457373
          ],
          [
            79.0918212,
            21.1459174
          ],
          [
            79.0918051,
            21.1461051
          ],
          [
            79.0917729,
            21.1463089
          ],
          [
            79.0917407,
            21.1464615
          ],
          [
            79.091679,
            21.1465941
          ],
          [
            79.091498,
            21.1467154
          ],
          [
            79.0911801,
            21.146818
          ],
          [
            79.0908435,
            21.1469093
          ],
          [
            79.0906206,
            21.146945
          ]
        ]
      },
      "properties": {
        "osm_id": "503971543",
        "name": "Road 503971543",
        "highway": "residential",
        "length_m": 332.5,
        "oneway": false,
        "maxspeed": null,
        "source": "OpenStreetMap"
      }
    },
    {
      "type": "Feature",
      "id": "osm-way-503971983",
      "geometry": {
        "type": "LineString",
        "coordinates": [
          [
            79.0904449,
            21.1449296
          ],
          [
            79.090432,
            21.1448577
          ]
        ]
      },
      "properties": {
        "osm_id": "503971983",
        "name": "Road 503971983",
        "highway": "secondary_link",
        "length_m": 8.1,
        "oneway": false,
        "maxspeed": null,
        "source": "OpenStreetMap"
      }
    },
    {
      "type": "Feature",
      "id": "osm-way-505242451",
      "geometry": {
        "type": "LineString",
        "coordinates": [
          [
            79.060914,
            21.1360432
          ],
          [
            79.0610149,
            21.1360684
          ],
          [
            79.0613763,
            21.1361588
          ],
          [
            79.0614502,
            21.1361803
          ],
          [
            79.0620111,
            21.1362864
          ],
          [
            79.0627205,
            21.1364205
          ],
          [
            79.0628178,
            21.1364374
          ],
          [
            79.0635016,
            21.1365566
          ],
          [
            79.0636016,
            21.1365702
          ],
          [
            79.0643256,
            21.1366687
          ],
          [
            79.0653483,
            21.136861
          ],
          [
            79.0653899,
            21.1368688
          ],
          [
            79.0660222,
            21.1370438
          ],
          [
            79.0661093,
            21.1370697
          ],
          [
            79.0662923,
            21.1371241
          ],
          [
            79.0672776,
            21.1374144
          ],
          [
            79.0679852,
            21.1376257
          ],
          [
            79.0689299,
            21.1379078
          ],
          [
            79.0690119,
            21.1379255
          ],
          [
            79.0696923,
            21.1381739
          ],
          [
            79.070435,
            21.1384451
          ],
          [
            79.0713365,
            21.1387742
          ],
          [
            79.0714238,
            21.1388061
          ],
          [
            79.0731059,
            21.1393327
          ],
          [
            79.0731575,
            21.1393478
          ],
          [
            79.0732311,
            21.1393693
          ],
          [
            79.0732757,
            21.1393902
          ],
          [
            79.0735833,
            21.139488
          ],
          [
            79.0742314,
            21.1396941
          ],
          [
            79.0743077,
            21.1397188
          ],
          [
            79.0746877,
            21.1398042
          ],
          [
            79.0756546,
            21.1400215
          ],
          [
            79.0757325,
            21.140039
          ],
          [
            79.0758244,
            21.1400679
          ],
          [
            79.077179,
            21.1404931
          ],
          [
            79.0774545,
            21.1405861
          ],
          [
            79.0777104,
            21.1406725
          ],
          [
            79.0781831,
            21.1408321
          ],
          [
            79.0783472,
            21.1408875
          ],
          [
            79.0785809,
            21.1409628
          ],
          [
            79.079453,
            21.141209
          ],
          [
            79.0796989,
            21.1412543
          ],
          [
            79.0799071,
            21.1413031
          ],
          [
            79.0799264,
            21.1413076
          ],
          [
            79.0801803,
            21.1412969
          ],
          [
            79.0802285,
            21.1412949
          ]
        ]
      },
      "properties": {
        "osm_id": "505242451",
        "name": "North Ambazari Road",
        "highway": "secondary",
        "length_m": 2092.6,
        "oneway": true,
        "maxspeed": null,
        "source": "OpenStreetMap"
      }
    },
    {
      "type": "Feature",
      "id": "osm-way-505251352",
      "geometry": {
        "type": "LineString",
        "coordinates": [
          [
            79.0673376,
            21.1412414
          ],
          [
            79.0674586,
            21.1412809
          ]
        ]
      },
      "properties": {
        "osm_id": "505251352",
        "name": "Road 505251352",
        "highway": "tertiary",
        "length_m": 13.3,
        "oneway": true,
        "maxspeed": null,
        "source": "OpenStreetMap"
      }
    },
    {
      "type": "Feature",
      "id": "osm-way-505251353",
      "geometry": {
        "type": "LineString",
        "coordinates": [
          [
            79.0674789,
            21.1412114
          ],
          [
            79.0673655,
            21.1411671
          ]
        ]
      },
      "properties": {
        "osm_id": "505251353",
        "name": "Road 505251353",
        "highway": "tertiary",
        "length_m": 12.8,
        "oneway": true,
        "maxspeed": null,
        "source": "OpenStreetMap"
      }
    },
    {
      "type": "Feature",
      "id": "osm-way-505251354",
      "geometry": {
        "type": "LineString",
        "coordinates": [
          [
            79.0673655,
            21.1411671
          ],
          [
            79.0672794,
            21.1411349
          ],
          [
            79.0671637,
            21.1410918
          ],
          [
            79.0669587,
            21.1410041
          ],
          [
            79.0668212,
            21.1409237
          ],
          [
            79.0663522,
            21.1406538
          ],
          [
            79.0656855,
            21.139853
          ],
          [
            79.0656289,
            21.1397323
          ],
          [
            79.0656138,
            21.1397001
          ],
          [
            79.0655813,
            21.1392561
          ],
          [
            79.065607,
            21.1388465
          ],
          [
            79.0656099,
            21.1388098
          ],
          [
            79.0656152,
            21.138783
          ],
          [
            79.0657057,
            21.1383277
          ],
          [
            79.065824,
            21.1379542
          ],
          [
            79.0658599,
            21.1378407
          ],
          [
            79.0660303,
            21.1372604
          ],
          [
            79.0661093,
            21.1370697
          ]
        ]
      },
      "properties": {
        "osm_id": "505251354",
        "name": "Road 505251354",
        "highway": "tertiary",
        "length_m": 551.0,
        "oneway": true,
        "maxspeed": null,
        "source": "OpenStreetMap"
      }
    },
    {
      "type": "Feature",
      "id": "osm-way-505252271",
      "geometry": {
        "type": "LineString",
        "coordinates": [
          [
            79.0655167,
            21.138753
          ],
          [
            79.0655151,
            21.1388394
          ],
          [
            79.0654871,
            21.1392667
          ],
          [
            79.0654857,
            21.1392885
          ],
          [
            79.0655178,
            21.1397645
          ],
          [
            79.0655753,
            21.1399002
          ],
          [
            79.0656447,
            21.1400383
          ],
          [
            79.066241,
            21.1406766
          ],
          [
            79.0668428,
            21.1409989
          ],
          [
            79.0670908,
            21.1411284
          ],
          [
            79.0672433,
            21.1411983
          ],
          [
            79.0673186,
            21.1412328
          ],
          [
            79.0673376,
            21.1412414
          ]
        ]
      },
      "properties": {
        "osm_id": "505252271",
        "name": "Road 505252271",
        "highway": "tertiary",
        "length_m": 370.0,
        "oneway": true,
        "maxspeed": null,
        "source": "OpenStreetMap"
      }
    },
    {
      "type": "Feature",
      "id": "osm-way-505255603",
      "geometry": {
        "type": "LineString",
        "coordinates": [
          [
            79.0731928,
            21.1389843
          ],
          [
            79.0731506,
            21.1390567
          ],
          [
            79.0730776,
            21.1391181
          ],
          [
            79.0729493,
            21.1391923
          ]
        ]
      },
      "properties": {
        "osm_id": "505255603",
        "name": "Maharajbagh road",
        "highway": "secondary_link",
        "length_m": 35.0,
        "oneway": true,
        "maxspeed": null,
        "source": "OpenStreetMap"
      }
    },
    {
      "type": "Feature",
      "id": "osm-way-505256805",
      "geometry": {
        "type": "LineString",
        "coordinates": [
          [
            79.0785809,
            21.1409628
          ],
          [
            79.0786186,
            21.1408709
          ]
        ]
      },
      "properties": {
        "osm_id": "505256805",
        "name": "Road 505256805",
        "highway": "secondary_link",
        "length_m": 10.9,
        "oneway": false,
        "maxspeed": null,
        "source": "OpenStreetMap"
      }
    },
    {
      "type": "Feature",
      "id": "osm-way-505256806",
      "geometry": {
        "type": "LineString",
        "coordinates": [
          [
            79.0826804,
            21.140928
          ],
          [
            79.0825877,
            21.1411814
          ],
          [
            79.0825607,
            21.1412486
          ],
          [
            79.0825239,
            21.1413402
          ],
          [
            79.082305,
            21.1417834
          ],
          [
            79.0821723,
            21.1420935
          ],
          [
            79.0821188,
            21.1422185
          ],
          [
            79.0820353,
            21.1424125
          ],
          [
            79.0819309,
            21.1425659
          ],
          [
            79.0817104,
            21.1428132
          ],
          [
            79.0813228,
            21.1432036
          ],
          [
            79.0812907,
            21.1432281
          ],
          [
            79.0811012,
            21.1433728
          ],
          [
            79.0810491,
            21.143401
          ],
          [
            79.0809752,
            21.1434263
          ]
        ]
      },
      "properties": {
        "osm_id": "505256806",
        "name": "Road 505256806",
        "highway": "tertiary",
        "length_m": 337.5,
        "oneway": true,
        "maxspeed": null,
        "source": "OpenStreetMap"
      }
    },
    {
      "type": "Feature",
      "id": "osm-way-505256807",
      "geometry": {
        "type": "LineString",
        "coordinates": [
          [
            79.0869533,
            21.1428461
          ],
          [
            79.0867031,
            21.14264
          ],
          [
            79.0863209,
            21.1424729
          ],
          [
            79.0848676,
            21.1420445
          ],
          [
            79.0846592,
            21.1419783
          ],
          [
            79.0843329,
            21.1418864
          ],
          [
            79.0839609,
            21.1417756
          ],
          [
            79.0832376,
            21.1415296
          ],
          [
            79.0831418,
            21.141497
          ],
          [
            79.0829424,
            21.1414043
          ],
          [
            79.0828417,
            21.141361
          ],
          [
            79.0826547,
            21.1412806
          ],
          [
            79.0825607,
            21.1412486
          ]
        ]
      },
      "properties": {
        "osm_id": "505256807",
        "name": "Road 505256807",
        "highway": "secondary",
        "length_m": 491.9,
        "oneway": true,
        "maxspeed": null,
        "source": "OpenStreetMap"
      }
    },
    {
      "type": "Feature",
      "id": "osm-way-505256808",
      "geometry": {
        "type": "LineString",
        "coordinates": [
          [
            79.0809955,
            21.1435456
          ],
          [
            79.0810672,
            21.1435098
          ],
          [
            79.0811492,
            21.1434578
          ],
          [
            79.0812651,
            21.1433632
          ],
          [
            79.0813671,
            21.1432614
          ],
          [
            79.0816167,
            21.1430172
          ],
          [
            79.0819464,
            21.142681
          ],
          [
            79.0821035,
            21.1424511
          ],
          [
            79.0822385,
            21.1421384
          ],
          [
            79.0822623,
            21.1420832
          ],
          [
            79.0823819,
            21.1418013
          ],
          [
            79.0824349,
            21.1416763
          ],
          [
            79.0824798,
            21.1416021
          ],
          [
            79.0825723,
            21.1414395
          ],
          [
            79.08261,
            21.1413679
          ],
          [
            79.0826547,
            21.1412806
          ],
          [
            79.0826835,
            21.1412242
          ],
          [
            79.0827439,
            21.1410694
          ],
          [
            79.0827893,
            21.1409529
          ],
          [
            79.082761,
            21.1408518
          ]
        ]
      },
      "properties": {
        "osm_id": "505256808",
        "name": "Road 505256808",
        "highway": "tertiary",
        "length_m": 361.7,
        "oneway": true,
        "maxspeed": null,
        "source": "OpenStreetMap"
      }
    },
    {
      "type": "Feature",
      "id": "osm-way-505259589",
      "geometry": {
        "type": "LineString",
        "coordinates": [
          [
            79.082761,
            21.1408518
          ],
          [
            79.0826804,
            21.140928
          ]
        ]
      },
      "properties": {
        "osm_id": "505259589",
        "name": "Road 505259589",
        "highway": "tertiary",
        "length_m": 11.9,
        "oneway": true,
        "maxspeed": null,
        "source": "OpenStreetMap"
      }
    },
    {
      "type": "Feature",
      "id": "osm-way-505259590",
      "geometry": {
        "type": "LineString",
        "coordinates": [
          [
            79.082761,
            21.1408518
          ],
          [
            79.0828324,
            21.1406329
          ],
          [
            79.0828577,
            21.1405553
          ]
        ]
      },
      "properties": {
        "osm_id": "505259590",
        "name": "Road 505259590",
        "highway": "tertiary",
        "length_m": 34.5,
        "oneway": false,
        "maxspeed": null,
        "source": "OpenStreetMap"
      }
    },
    {
      "type": "Feature",
      "id": "osm-way-505274149",
      "geometry": {
        "type": "LineString",
        "coordinates": [
          [
            79.0813611,
            21.1384713
          ],
          [
            79.0814065,
            21.1386373
          ],
          [
            79.081438,
            21.1391605
          ],
          [
            79.0816136,
            21.1398309
          ],
          [
            79.0820198,
            21.1401358
          ],
          [
            79.0825989,
            21.1402229
          ],
          [
            79.082737,
            21.1402515
          ],
          [
            79.0829304,
            21.1402916
          ]
        ]
      },
      "properties": {
        "osm_id": "505274149",
        "name": "Road 505274149",
        "highway": "residential",
        "length_m": 304.2,
        "oneway": false,
        "maxspeed": null,
        "source": "OpenStreetMap"
      }
    },
    {
      "type": "Feature",
      "id": "osm-way-505274150",
      "geometry": {
        "type": "LineString",
        "coordinates": [
          [
            79.0825989,
            21.1402229
          ],
          [
            79.0828005,
            21.140098
          ],
          [
            79.0829239,
            21.1399379
          ],
          [
            79.0829963,
            21.1397978
          ],
          [
            79.0830302,
            21.1399296
          ]
        ]
      },
      "properties": {
        "osm_id": "505274150",
        "name": "Road 505274150",
        "highway": "residential",
        "length_m": 79.4,
        "oneway": false,
        "maxspeed": null,
        "source": "OpenStreetMap"
      }
    },
    {
      "type": "Feature",
      "id": "osm-way-634367215",
      "geometry": {
        "type": "LineString",
        "coordinates": [
          [
            79.0902645,
            21.1534297
          ],
          [
            79.0905147,
            21.153443
          ],
          [
            79.0907732,
            21.1534724
          ],
          [
            79.0917616,
            21.1534575
          ]
        ]
      },
      "properties": {
        "osm_id": "634367215",
        "name": "Road 634367215",
        "highway": "trunk",
        "length_m": 155.5,
        "oneway": true,
        "maxspeed": null,
        "source": "OpenStreetMap"
      }
    },
    {
      "type": "Feature",
      "id": "osm-way-642085208",
      "geometry": {
        "type": "LineString",
        "coordinates": [
          [
            79.0809752,
            21.1434263
          ],
          [
            79.0807693,
            21.1434707
          ],
          [
            79.0805045,
            21.143522
          ],
          [
            79.0803694,
            21.1435482
          ],
          [
            79.0791812,
            21.1437877
          ],
          [
            79.0786804,
            21.1439084
          ],
          [
            79.078294,
            21.1440023
          ],
          [
            79.0775444,
            21.144212
          ],
          [
            79.0768352,
            21.1444314
          ],
          [
            79.0761226,
            21.1446574
          ],
          [
            79.0753679,
            21.1448917
          ],
          [
            79.0747074,
            21.1450902
          ],
          [
            79.0744037,
            21.1451741
          ],
          [
            79.0743105,
            21.145194
          ]
        ]
      },
      "properties": {
        "osm_id": "642085208",
        "name": "Amravati Road",
        "highway": "trunk",
        "length_m": 719.3,
        "oneway": true,
        "maxspeed": null,
        "source": "OpenStreetMap"
      }
    },
    {
      "type": "Feature",
      "id": "osm-way-672266281",
      "geometry": {
        "type": "LineString",
        "coordinates": [
          [
            79.0854885,
            21.1395266
          ],
          [
            79.0855002,
            21.1394504
          ],
          [
            79.0855148,
            21.1393528
          ],
          [
            79.0855551,
            21.1392427
          ],
          [
            79.0856275,
            21.1391351
          ],
          [
            79.0860593,
            21.1386273
          ],
          [
            79.0861317,
            21.1385122
          ],
          [
            79.08618,
            21.1383871
          ],
          [
            79.0861854,
            21.138292
          ],
          [
            79.08618,
            21.138172
          ],
          [
            79.0861398,
            21.1380419
          ],
          [
            79.0860942,
            21.1379093
          ]
        ]
      },
      "properties": {
        "osm_id": "672266281",
        "name": "Ajni Railway Station",
        "highway": "secondary",
        "length_m": 202.8,
        "oneway": true,
        "maxspeed": "30",
        "source": "OpenStreetMap"
      }
    },
    {
      "type": "Feature",
      "id": "osm-way-737450981",
      "geometry": {
        "type": "LineString",
        "coordinates": [
          [
            79.0885028,
            21.1430302
          ],
          [
            79.0895139,
            21.1430095
          ],
          [
            79.0896426,
            21.1430049
          ],
          [
            79.0897583,
            21.1429992
          ]
        ]
      },
      "properties": {
        "osm_id": "737450981",
        "name": "Road 737450981",
        "highway": "secondary",
        "length_m": 130.3,
        "oneway": true,
        "maxspeed": null,
        "source": "OpenStreetMap"
      }
    },
    {
      "type": "Feature",
      "id": "osm-way-737450982",
      "geometry": {
        "type": "LineString",
        "coordinates": [
          [
            79.0878376,
            21.1430553
          ],
          [
            79.0885028,
            21.1430302
          ]
        ]
      },
      "properties": {
        "osm_id": "737450982",
        "name": "Road 737450982",
        "highway": "secondary",
        "length_m": 69.0,
        "oneway": true,
        "maxspeed": null,
        "source": "OpenStreetMap"
      }
    },
    {
      "type": "Feature",
      "id": "osm-way-737450983",
      "geometry": {
        "type": "LineString",
        "coordinates": [
          [
            79.0878323,
            21.1429227
          ],
          [
            79.0870852,
            21.1429137
          ]
        ]
      },
      "properties": {
        "osm_id": "737450983",
        "name": "Road 737450983",
        "highway": "secondary",
        "length_m": 77.5,
        "oneway": true,
        "maxspeed": null,
        "source": "OpenStreetMap"
      }
    },
    {
      "type": "Feature",
      "id": "osm-way-737450984",
      "geometry": {
        "type": "LineString",
        "coordinates": [
          [
            79.0884814,
            21.1429177
          ],
          [
            79.0878323,
            21.1429227
          ]
        ]
      },
      "properties": {
        "osm_id": "737450984",
        "name": "Road 737450984",
        "highway": "secondary",
        "length_m": 67.3,
        "oneway": true,
        "maxspeed": null,
        "source": "OpenStreetMap"
      }
    },
    {
      "type": "Feature",
      "id": "osm-way-737450985",
      "geometry": {
        "type": "LineString",
        "coordinates": [
          [
            79.0872995,
            21.1432764
          ],
          [
            79.0874058,
            21.143068
          ]
        ]
      },
      "properties": {
        "osm_id": "737450985",
        "name": "Road 737450985",
        "highway": "tertiary_link",
        "length_m": 25.7,
        "oneway": true,
        "maxspeed": null,
        "source": "OpenStreetMap"
      }
    },
    {
      "type": "Feature",
      "id": "osm-way-737450986",
      "geometry": {
        "type": "LineString",
        "coordinates": [
          [
            79.0896191,
            21.1427962
          ],
          [
            79.0895811,
            21.1428201
          ],
          [
            79.0894711,
            21.1429115
          ]
        ]
      },
      "properties": {
        "osm_id": "737450986",
        "name": "Road 737450986",
        "highway": "secondary_link",
        "length_m": 20.0,
        "oneway": true,
        "maxspeed": null,
        "source": "OpenStreetMap"
      }
    },
    {
      "type": "Feature",
      "id": "osm-way-737450987",
      "geometry": {
        "type": "LineString",
        "coordinates": [
          [
            79.0895139,
            21.1430095
          ],
          [
            79.0895811,
            21.1430828
          ],
          [
            79.0896575,
            21.1431603
          ]
        ]
      },
      "properties": {
        "osm_id": "737450987",
        "name": "Road 737450987",
        "highway": "secondary_link",
        "length_m": 22.4,
        "oneway": true,
        "maxspeed": null,
        "source": "OpenStreetMap"
      }
    },
    {
      "type": "Feature",
      "id": "osm-way-737450988",
      "geometry": {
        "type": "LineString",
        "coordinates": [
          [
            79.0897373,
            21.1428895
          ],
          [
            79.08963,
            21.1429062
          ],
          [
            79.0894711,
            21.1429115
          ],
          [
            79.0884814,
            21.1429177
          ]
        ]
      },
      "properties": {
        "osm_id": "737450988",
        "name": "Road 737450988",
        "highway": "secondary",
        "length_m": 130.4,
        "oneway": true,
        "maxspeed": null,
        "source": "OpenStreetMap"
      }
    },
    {
      "type": "Feature",
      "id": "osm-way-737450989",
      "geometry": {
        "type": "LineString",
        "coordinates": [
          [
            79.0871464,
            21.1430124
          ],
          [
            79.0874058,
            21.143068
          ],
          [
            79.0878376,
            21.1430553
          ]
        ]
      },
      "properties": {
        "osm_id": "737450989",
        "name": "Road 737450989",
        "highway": "secondary",
        "length_m": 72.4,
        "oneway": true,
        "maxspeed": null,
        "source": "OpenStreetMap"
      }
    },
    {
      "type": "Feature",
      "id": "osm-way-737468985",
      "geometry": {
        "type": "LineString",
        "coordinates": [
          [
            79.0801355,
            21.1499084
          ],
          [
            79.0807667,
            21.1495491
          ]
        ]
      },
      "properties": {
        "osm_id": "737468985",
        "name": "Road 737468985",
        "highway": "tertiary",
        "length_m": 76.7,
        "oneway": false,
        "maxspeed": null,
        "source": "OpenStreetMap"
      }
    },
    {
      "type": "Feature",
      "id": "osm-way-737511581",
      "geometry": {
        "type": "LineString",
        "coordinates": [
          [
            79.0906271,
            21.1489903
          ],
          [
            79.0906419,
            21.1495669
          ]
        ]
      },
      "properties": {
        "osm_id": "737511581",
        "name": "Road 737511581",
        "highway": "residential",
        "length_m": 64.1,
        "oneway": false,
        "maxspeed": null,
        "source": "OpenStreetMap"
      }
    },
    {
      "type": "Feature",
      "id": "osm-way-738095422",
      "geometry": {
        "type": "LineString",
        "coordinates": [
          [
            79.090319,
            21.1501521
          ],
          [
            79.0910751,
            21.1500972
          ]
        ]
      },
      "properties": {
        "osm_id": "738095422",
        "name": "Road 738095422",
        "highway": "residential",
        "length_m": 78.6,
        "oneway": false,
        "maxspeed": null,
        "source": "OpenStreetMap"
      }
    },
    {
      "type": "Feature",
      "id": "osm-way-738110734",
      "geometry": {
        "type": "LineString",
        "coordinates": [
          [
            79.0897686,
            21.1469378
          ],
          [
            79.0897813,
            21.1470278
          ],
          [
            79.0897997,
            21.1471654
          ],
          [
            79.0898412,
            21.1474293
          ],
          [
            79.0899106,
            21.1479378
          ],
          [
            79.0899411,
            21.1481988
          ],
          [
            79.0899687,
            21.1483133
          ],
          [
            79.089974,
            21.1485013
          ],
          [
            79.0900076,
            21.1488151
          ],
          [
            79.0900353,
            21.1490592
          ],
          [
            79.0900624,
            21.1492981
          ],
          [
            79.0902034,
            21.1503395
          ],
          [
            79.0902383,
            21.1506291
          ],
          [
            79.0902834,
            21.1509619
          ],
          [
            79.0903739,
            21.1516295
          ],
          [
            79.0903968,
            21.1517943
          ],
          [
            79.0904204,
            21.1519616
          ],
          [
            79.0904235,
            21.1519842
          ],
          [
            79.0904689,
            21.1523123
          ],
          [
            79.0905654,
            21.1524305
          ]
        ]
      },
      "properties": {
        "osm_id": "738110734",
        "name": "Road 738110734",
        "highway": "secondary",
        "length_m": 618.7,
        "oneway": true,
        "maxspeed": null,
        "source": "OpenStreetMap"
      }
    },
    {
      "type": "Feature",
      "id": "osm-way-738110735",
      "geometry": {
        "type": "LineString",
        "coordinates": [
          [
            79.0901939,
            21.1490359
          ],
          [
            79.0901551,
            21.1488027
          ],
          [
            79.0901189,
            21.14849
          ],
          [
            79.0900809,
            21.1481818
          ],
          [
            79.0900494,
            21.147927
          ],
          [
            79.0899703,
            21.1474181
          ],
          [
            79.0898938,
            21.1469269
          ]
        ]
      },
      "properties": {
        "osm_id": "738110735",
        "name": "Road 738110735",
        "highway": "secondary",
        "length_m": 236.6,
        "oneway": true,
        "maxspeed": null,
        "source": "OpenStreetMap"
      }
    },
    {
      "type": "Feature",
      "id": "osm-way-738110736",
      "geometry": {
        "type": "LineString",
        "coordinates": [
          [
            79.090445,
            21.1510972
          ],
          [
            79.0904307,
            21.1509165
          ],
          [
            79.090319,
            21.1501521
          ],
          [
            79.0901939,
            21.1490359
          ]
        ]
      },
      "properties": {
        "osm_id": "738110736",
        "name": "Road 738110736",
        "highway": "secondary",
        "length_m": 230.7,
        "oneway": true,
        "maxspeed": null,
        "source": "OpenStreetMap"
      }
    },
    {
      "type": "Feature",
      "id": "osm-way-738147584",
      "geometry": {
        "type": "LineString",
        "coordinates": [
          [
            79.0767322,
            21.1563759
          ],
          [
            79.0767055,
            21.1562866
          ],
          [
            79.0764485,
            21.1554272
          ]
        ]
      },
      "properties": {
        "osm_id": "738147584",
        "name": "Road 738147584",
        "highway": "residential",
        "length_m": 109.5,
        "oneway": false,
        "maxspeed": null,
        "source": "OpenStreetMap"
      }
    },
    {
      "type": "Feature",
      "id": "osm-way-738147585",
      "geometry": {
        "type": "LineString",
        "coordinates": [
          [
            79.0769193,
            21.1553094
          ],
          [
            79.0764485,
            21.1554272
          ],
          [
            79.0762594,
            21.1554754
          ],
          [
            79.0761216,
            21.1554946
          ]
        ]
      },
      "properties": {
        "osm_id": "738147585",
        "name": "Road 738147585",
        "highway": "residential",
        "length_m": 85.3,
        "oneway": false,
        "maxspeed": null,
        "source": "OpenStreetMap"
      }
    },
    {
      "type": "Feature",
      "id": "osm-way-738147586",
      "geometry": {
        "type": "LineString",
        "coordinates": [
          [
            79.077193,
            21.1562905
          ],
          [
            79.0771651,
            21.1561939
          ],
          [
            79.076964,
            21.1554779
          ],
          [
            79.0769193,
            21.1553094
          ],
          [
            79.0768178,
            21.1549464
          ],
          [
            79.076041,
            21.155118
          ],
          [
            79.0760198,
            21.1551271
          ],
          [
            79.0760181,
            21.1551431
          ],
          [
            79.0761216,
            21.1554946
          ]
        ]
      },
      "properties": {
        "osm_id": "738147586",
        "name": "Road 738147586",
        "highway": "residential",
        "length_m": 282.0,
        "oneway": false,
        "maxspeed": null,
        "source": "OpenStreetMap"
      }
    },
    {
      "type": "Feature",
      "id": "osm-way-744253206",
      "geometry": {
        "type": "LineString",
        "coordinates": [
          [
            79.0780897,
            21.1513493
          ],
          [
            79.0777037,
            21.15164
          ],
          [
            79.0776037,
            21.1517145
          ],
          [
            79.0774481,
            21.1518395
          ],
          [
            79.0773046,
            21.1519791
          ],
          [
            79.07724,
            21.152042
          ],
          [
            79.0771534,
            21.1521626
          ],
          [
            79.0771168,
            21.1522398
          ],
          [
            79.0771011,
            21.152321
          ],
          [
            79.0770873,
            21.1524512
          ],
          [
            79.0770856,
            21.1525232
          ]
        ]
      },
      "properties": {
        "osm_id": "744253206",
        "name": "Road 744253206",
        "highway": "tertiary",
        "length_m": 174.5,
        "oneway": false,
        "maxspeed": null,
        "source": "OpenStreetMap"
      }
    },
    {
      "type": "Feature",
      "id": "osm-way-766186123",
      "geometry": {
        "type": "LineString",
        "coordinates": [
          [
            79.0871464,
            21.1430124
          ],
          [
            79.0872288,
            21.1431725
          ],
          [
            79.0872995,
            21.1432764
          ],
          [
            79.0873554,
            21.1433584
          ],
          [
            79.0875817,
            21.1436331
          ],
          [
            79.087999,
            21.1442973
          ],
          [
            79.088042,
            21.1443751
          ],
          [
            79.0882337,
            21.1450192
          ],
          [
            79.0882577,
            21.1451158
          ]
        ]
      },
      "properties": {
        "osm_id": "766186123",
        "name": "Road 766186123",
        "highway": "tertiary",
        "length_m": 263.4,
        "oneway": false,
        "maxspeed": null,
        "source": "OpenStreetMap"
      }
    },
    {
      "type": "Feature",
      "id": "osm-way-766186127",
      "geometry": {
        "type": "LineString",
        "coordinates": [
          [
            79.0881916,
            21.1459503
          ],
          [
            79.088181,
            21.1460861
          ],
          [
            79.0881608,
            21.1462362
          ],
          [
            79.088122,
            21.1464063
          ],
          [
            79.0880748,
            21.1465926
          ]
        ]
      },
      "properties": {
        "osm_id": "766186127",
        "name": "Flyover",
        "highway": "secondary",
        "length_m": 72.6,
        "oneway": true,
        "maxspeed": null,
        "source": "OpenStreetMap"
      }
    },
    {
      "type": "Feature",
      "id": "osm-way-766186129",
      "geometry": {
        "type": "LineString",
        "coordinates": [
          [
            79.0883624,
            21.1535007
          ],
          [
            79.0882129,
            21.1534581
          ],
          [
            79.0875374,
            21.1534697
          ]
        ]
      },
      "properties": {
        "osm_id": "766186129",
        "name": "Road 766186129",
        "highway": "primary",
        "length_m": 86.3,
        "oneway": true,
        "maxspeed": null,
        "source": "OpenStreetMap"
      }
    },
    {
      "type": "Feature",
      "id": "osm-way-766186130",
      "geometry": {
        "type": "LineString",
        "coordinates": [
          [
            79.0883505,
            21.1536509
          ],
          [
            79.0902645,
            21.1534297
          ]
        ]
      },
      "properties": {
        "osm_id": "766186130",
        "name": "Ram Jhula Bridge",
        "highway": "trunk",
        "length_m": 200.0,
        "oneway": true,
        "maxspeed": null,
        "source": "OpenStreetMap"
      }
    },
    {
      "type": "Feature",
      "id": "osm-way-766186131",
      "geometry": {
        "type": "LineString",
        "coordinates": [
          [
            79.0812971,
            21.1542017
          ],
          [
            79.0812259,
            21.1542712
          ],
          [
            79.0809265,
            21.1550413
          ],
          [
            79.0807281,
            21.1554663
          ],
          [
            79.0804684,
            21.1558922
          ],
          [
            79.0802826,
            21.1562456
          ]
        ]
      },
      "properties": {
        "osm_id": "766186131",
        "name": "Koradi Road",
        "highway": "primary",
        "length_m": 251.6,
        "oneway": true,
        "maxspeed": null,
        "source": "OpenStreetMap"
      }
    },
    {
      "type": "Feature",
      "id": "osm-way-766190654",
      "geometry": {
        "type": "LineString",
        "coordinates": [
          [
            79.081241,
            21.1544214
          ],
          [
            79.0810134,
            21.1550242
          ],
          [
            79.0808908,
            21.155295
          ],
          [
            79.0807381,
            21.1555818
          ],
          [
            79.0806128,
            21.1558006
          ],
          [
            79.0803818,
            21.1561771
          ],
          [
            79.0802296,
            21.1564006
          ],
          [
            79.0800871,
            21.1566304
          ],
          [
            79.0800094,
            21.1567451
          ],
          [
            79.0799306,
            21.1568758
          ],
          [
            79.079823,
            21.1570596
          ],
          [
            79.0797517,
            21.1572306
          ],
          [
            79.079697,
            21.1574325
          ],
          [
            79.0796635,
            21.1576259
          ],
          [
            79.0796207,
            21.1580807
          ],
          [
            79.0796082,
            21.1582103
          ],
          [
            79.0795947,
            21.1583504
          ],
          [
            79.0795653,
            21.1590428
          ],
          [
            79.0795595,
            21.1592054
          ],
          [
            79.0795701,
            21.1593788
          ],
          [
            79.0795889,
            21.1595002
          ],
          [
            79.0796776,
            21.1600208
          ],
          [
            79.0796763,
            21.1601181
          ],
          [
            79.0796659,
            21.1602057
          ],
          [
            79.0795607,
            21.1608307
          ],
          [
            79.079553,
            21.1609371
          ],
          [
            79.0795494,
            21.1610442
          ],
          [
            79.0795561,
            21.1616716
          ],
          [
            79.0795947,
            21.1630926
          ],
          [
            79.0795931,
            21.1637623
          ],
          [
            79.0796027,
            21.1641331
          ]
        ]
      },
      "properties": {
        "osm_id": "766190654",
        "name": "Sadar Flyover",
        "highway": "trunk",
        "length_m": 1120.4,
        "oneway": true,
        "maxspeed": "50",
        "source": "OpenStreetMap"
      }
    },
    {
      "type": "Feature",
      "id": "osm-way-767501911",
      "geometry": {
        "type": "LineString",
        "coordinates": [
          [
            79.0873532,
            21.1534719
          ],
          [
            79.0873639,
            21.1534176
          ],
          [
            79.0874327,
            21.1532129
          ],
          [
            79.0874989,
            21.1530263
          ],
          [
            79.0875789,
            21.1527638
          ],
          [
            79.0875936,
            21.1526838
          ],
          [
            79.0876035,
            21.1525295
          ],
          [
            79.0876015,
            21.1524453
          ],
          [
            79.0875895,
            21.1519384
          ],
          [
            79.0875929,
            21.1518096
          ],
          [
            79.0875988,
            21.1515876
          ],
          [
            79.0876823,
            21.1513245
          ],
          [
            79.0877577,
            21.1510797
          ],
          [
            79.0877439,
            21.1509261
          ],
          [
            79.0876623,
            21.1500146
          ]
        ]
      },
      "properties": {
        "osm_id": "767501911",
        "name": "Road 767501911",
        "highway": "secondary",
        "length_m": 390.8,
        "oneway": true,
        "maxspeed": null,
        "source": "OpenStreetMap"
      }
    },
    {
      "type": "Feature",
      "id": "osm-way-774945318",
      "geometry": {
        "type": "LineString",
        "coordinates": [
          [
            79.0905654,
            21.1524305
          ],
          [
            79.0906097,
            21.1523061
          ],
          [
            79.0905675,
            21.1519476
          ],
          [
            79.090445,
            21.1510972
          ]
        ]
      },
      "properties": {
        "osm_id": "774945318",
        "name": "Road 774945318",
        "highway": "secondary",
        "length_m": 150.1,
        "oneway": true,
        "maxspeed": null,
        "source": "OpenStreetMap"
      }
    },
    {
      "type": "Feature",
      "id": "osm-way-775214822",
      "geometry": {
        "type": "LineString",
        "coordinates": [
          [
            79.0675545,
            21.1461817
          ],
          [
            79.0673301,
            21.1462035
          ],
          [
            79.0671243,
            21.1462361
          ],
          [
            79.0666383,
            21.1462646
          ],
          [
            79.0662308,
            21.1463095
          ],
          [
            79.0658165,
            21.1463399
          ],
          [
            79.0657144,
            21.1463476
          ],
          [
            79.0655337,
            21.1463691
          ],
          [
            79.065446,
            21.1463795
          ]
        ]
      },
      "properties": {
        "osm_id": "775214822",
        "name": "Amravati Road",
        "highway": "trunk",
        "length_m": 219.9,
        "oneway": true,
        "maxspeed": null,
        "source": "OpenStreetMap"
      }
    },
    {
      "type": "Feature",
      "id": "osm-way-775214823",
      "geometry": {
        "type": "LineString",
        "coordinates": [
          [
            79.0649333,
            21.1465218
          ],
          [
            79.0652613,
            21.1465327
          ],
          [
            79.0654569,
            21.1465236
          ],
          [
            79.0655977,
            21.1465119
          ],
          [
            79.0657565,
            21.1464986
          ],
          [
            79.066163,
            21.146466
          ],
          [
            79.0665858,
            21.1464093
          ],
          [
            79.0669553,
            21.1463436
          ],
          [
            79.0673375,
            21.1463029
          ],
          [
            79.0674795,
            21.1462878
          ],
          [
            79.0675519,
            21.1462759
          ],
          [
            79.0676485,
            21.1462704
          ]
        ]
      },
      "properties": {
        "osm_id": "775214823",
        "name": "NH53",
        "highway": "trunk",
        "length_m": 283.5,
        "oneway": true,
        "maxspeed": null,
        "source": "OpenStreetMap"
      }
    },
    {
      "type": "Feature",
      "id": "osm-way-775226139",
      "geometry": {
        "type": "LineString",
        "coordinates": [
          [
            79.072096,
            21.1457146
          ],
          [
            79.0721761,
            21.1457027
          ],
          [
            79.0724503,
            21.1456634
          ],
          [
            79.0735196,
            21.1454685
          ],
          [
            79.0740017,
            21.1453587
          ],
          [
            79.074329,
            21.1452755
          ],
          [
            79.0744199,
            21.1452485
          ]
        ]
      },
      "properties": {
        "osm_id": "775226139",
        "name": "Amravati Road",
        "highway": "trunk",
        "length_m": 246.7,
        "oneway": true,
        "maxspeed": null,
        "source": "OpenStreetMap"
      }
    },
    {
      "type": "Feature",
      "id": "osm-way-779091479",
      "geometry": {
        "type": "LineString",
        "coordinates": [
          [
            79.0805045,
            21.1414028
          ],
          [
            79.0805611,
            21.1413227
          ],
          [
            79.0806335,
            21.1412547
          ]
        ]
      },
      "properties": {
        "osm_id": "779091479",
        "name": "Road 779091479",
        "highway": "primary_link",
        "length_m": 21.3,
        "oneway": true,
        "maxspeed": null,
        "source": "OpenStreetMap"
      }
    },
    {
      "type": "Feature",
      "id": "osm-way-779091480",
      "geometry": {
        "type": "LineString",
        "coordinates": [
          [
            79.0804434,
            21.1412786
          ],
          [
            79.0803934,
            21.141144
          ]
        ]
      },
      "properties": {
        "osm_id": "779091480",
        "name": "Road 779091480",
        "highway": "primary",
        "length_m": 15.8,
        "oneway": true,
        "maxspeed": null,
        "source": "OpenStreetMap"
      }
    },
    {
      "type": "Feature",
      "id": "osm-way-779091481",
      "geometry": {
        "type": "LineString",
        "coordinates": [
          [
            79.0802285,
            21.1412949
          ],
          [
            79.0804434,
            21.1412786
          ]
        ]
      },
      "properties": {
        "osm_id": "779091481",
        "name": "North Ambazari Road",
        "highway": "secondary",
        "length_m": 22.4,
        "oneway": true,
        "maxspeed": null,
        "source": "OpenStreetMap"
      }
    },
    {
      "type": "Feature",
      "id": "osm-way-779091482",
      "geometry": {
        "type": "LineString",
        "coordinates": [
          [
            79.0802285,
            21.1412949
          ],
          [
            79.0803159,
            21.1415844
          ],
          [
            79.080394,
            21.1418774
          ],
          [
            79.0803959,
            21.1418845
          ],
          [
            79.0804097,
            21.1419287
          ],
          [
            79.0805213,
            21.1423475
          ],
          [
            79.0806309,
            21.1427679
          ],
          [
            79.0807118,
            21.1431786
          ],
          [
            79.0807602,
            21.1434245
          ],
          [
            79.0807693,
            21.1434707
          ],
          [
            79.0807779,
            21.1435142
          ],
          [
            79.0807886,
            21.1435697
          ]
        ]
      },
      "properties": {
        "osm_id": "779091482",
        "name": "Road 779091482",
        "highway": "primary",
        "length_m": 259.7,
        "oneway": true,
        "maxspeed": null,
        "source": "OpenStreetMap"
      }
    },
    {
      "type": "Feature",
      "id": "osm-way-779091483",
      "geometry": {
        "type": "LineString",
        "coordinates": [
          [
            79.0803934,
            21.141144
          ],
          [
            79.0801886,
            21.1411618
          ]
        ]
      },
      "properties": {
        "osm_id": "779091483",
        "name": "North Ambazari Road",
        "highway": "secondary",
        "length_m": 21.3,
        "oneway": true,
        "maxspeed": null,
        "source": "OpenStreetMap"
      }
    },
    {
      "type": "Feature",
      "id": "osm-way-779091484",
      "geometry": {
        "type": "LineString",
        "coordinates": [
          [
            79.0803934,
            21.141144
          ],
          [
            79.0803501,
            21.1410278
          ]
        ]
      },
      "properties": {
        "osm_id": "779091484",
        "name": "Road 779091484",
        "highway": "primary",
        "length_m": 13.7,
        "oneway": true,
        "maxspeed": null,
        "source": "OpenStreetMap"
      }
    },
    {
      "type": "Feature",
      "id": "osm-way-779091485",
      "geometry": {
        "type": "LineString",
        "coordinates": [
          [
            79.0805045,
            21.1414028
          ],
          [
            79.0804703,
            21.1413275
          ],
          [
            79.0804434,
            21.1412786
          ]
        ]
      },
      "properties": {
        "osm_id": "779091485",
        "name": "Road 779091485",
        "highway": "primary",
        "length_m": 15.2,
        "oneway": true,
        "maxspeed": null,
        "source": "OpenStreetMap"
      }
    },
    {
      "type": "Feature",
      "id": "osm-way-779091486",
      "geometry": {
        "type": "LineString",
        "coordinates": [
          [
            79.0806335,
            21.1412547
          ],
          [
            79.0806867,
            21.1412539
          ],
          [
            79.0817709,
            21.1412924
          ],
          [
            79.0820246,
            21.1413004
          ],
          [
            79.082385,
            21.1413118
          ],
          [
            79.0825239,
            21.1413402
          ],
          [
            79.08261,
            21.1413679
          ],
          [
            79.0830962,
            21.1416171
          ],
          [
            79.083455,
            21.1417525
          ],
          [
            79.0836025,
            21.1418011
          ],
          [
            79.0839104,
            21.141899
          ],
          [
            79.0842251,
            21.1419952
          ],
          [
            79.0847192,
            21.1421313
          ],
          [
            79.0848873,
            21.1421847
          ],
          [
            79.0849667,
            21.1422087
          ],
          [
            79.085943,
            21.1425042
          ],
          [
            79.0863418,
            21.1426324
          ],
          [
            79.0864767,
            21.1426793
          ],
          [
            79.0869533,
            21.1428461
          ]
        ]
      },
      "properties": {
        "osm_id": "779091486",
        "name": "Road 779091486",
        "highway": "secondary",
        "length_m": 686.4,
        "oneway": true,
        "maxspeed": null,
        "source": "OpenStreetMap"
      }
    },
    {
      "type": "Feature",
      "id": "osm-way-779091487",
      "geometry": {
        "type": "LineString",
        "coordinates": [
          [
            79.0805703,
            21.1411421
          ],
          [
            79.0803501,
            21.1410278
          ]
        ]
      },
      "properties": {
        "osm_id": "779091487",
        "name": "Road 779091487",
        "highway": "primary_link",
        "length_m": 26.1,
        "oneway": true,
        "maxspeed": null,
        "source": "OpenStreetMap"
      }
    },
    {
      "type": "Feature",
      "id": "osm-way-779091488",
      "geometry": {
        "type": "LineString",
        "coordinates": [
          [
            79.0796523,
            21.1388198
          ],
          [
            79.0792468,
            21.1377043
          ],
          [
            79.0790145,
            21.1370061
          ],
          [
            79.0788606,
            21.1365435
          ],
          [
            79.0783551,
            21.1350654
          ],
          [
            79.078336,
            21.1350096
          ],
          [
            79.0781214,
            21.134434
          ],
          [
            79.0778829,
            21.1337253
          ],
          [
            79.0774257,
            21.1323666
          ]
        ]
      },
      "properties": {
        "osm_id": "779091488",
        "name": "Road 779091488",
        "highway": "primary",
        "length_m": 753.9,
        "oneway": true,
        "maxspeed": null,
        "source": "OpenStreetMap"
      }
    },
    {
      "type": "Feature",
      "id": "osm-way-779091489",
      "geometry": {
        "type": "LineString",
        "coordinates": [
          [
            79.0801886,
            21.1411618
          ],
          [
            79.0799871,
            21.1411906
          ],
          [
            79.0799358,
            21.1411971
          ],
          [
            79.0799233,
            21.141199
          ],
          [
            79.0799151,
            21.1411996
          ],
          [
            79.0799071,
            21.1411992
          ],
          [
            79.0791012,
            21.1410007
          ],
          [
            79.0787955,
            21.1409268
          ],
          [
            79.0786186,
            21.1408709
          ],
          [
            79.0782873,
            21.1407761
          ],
          [
            79.0781137,
            21.1407264
          ],
          [
            79.0777214,
            21.1406175
          ],
          [
            79.0774676,
            21.1405249
          ],
          [
            79.0771961,
            21.1404259
          ],
          [
            79.0768178,
            21.1402843
          ],
          [
            79.0764395,
            21.1401602
          ],
          [
            79.0758978,
            21.1399968
          ],
          [
            79.0758092,
            21.1399751
          ],
          [
            79.0755429,
            21.1399097
          ],
          [
            79.0750869,
            21.1397962
          ],
          [
            79.0746175,
            21.1396986
          ],
          [
            79.074124,
            21.1395635
          ],
          [
            79.0734722,
            21.1393434
          ],
          [
            79.0732524,
            21.13928
          ],
          [
            79.0731615,
            21.1392577
          ],
          [
            79.0730925,
            21.1392408
          ],
          [
            79.0729493,
            21.1391923
          ],
          [
            79.0726766,
            21.1391201
          ],
          [
            79.0722915,
            21.1389836
          ],
          [
            79.0719032,
            21.1388644
          ],
          [
            79.0714041,
            21.1387121
          ],
          [
            79.0709681,
            21.1385655
          ],
          [
            79.0705923,
            21.1384276
          ],
          [
            79.0704336,
            21.1383721
          ],
          [
            79.0701856,
            21.1382853
          ],
          [
            79.0698374,
            21.1381517
          ],
          [
            79.0697141,
            21.1381057
          ],
          [
            79.0695517,
            21.1380451
          ],
          [
            79.0692179,
            21.1379064
          ],
          [
            79.0690497,
            21.1378387
          ],
          [
            79.0689455,
            21.1378079
          ],
          [
            79.0689008,
            21.1377908
          ],
          [
            79.0686934,
            21.1377168
          ],
          [
            79.0683194,
            21.1376258
          ],
          [
            79.0680244,
            21.1375333
          ],
          [
            79.06786,
            21.1374817
          ],
          [
            79.0673339,
            21.1373334
          ],
          [
            79.067109,
            21.1372635
          ],
          [
            79.066679,
            21.1371357
          ],
          [
            79.0663024,
            21.1370371
          ],
          [
            79.0661356,
            21.1369857
          ],
          [
            79.0660512,
            21.1369597
          ],
          [
            79.0659026,
            21.1369139
          ],
          [
            79.0652744,
            21.1367474
          ],
          [
            79.0647141,
            21.1366343
          ],
          [
            79.0641287,
            21.136551
          ],
          [
            79.0640151,
            21.1365345
          ],
          [
            79.0636005,
            21.1364745
          ],
          [
            79.0629937,
            21.1363679
          ],
          [
            79.0625368,
            21.136298
          ],
          [
            79.062368,
            21.1362671
          ],
          [
            79.061955,
            21.1361915
          ],
          [
            79.0613761,
            21.1360688
          ],
          [
            79.0612179,
            21.1360299
          ],
          [
            79.0608616,
            21.1359423
          ],
          [
            79.060624,
            21.1358933
          ],
          [
            79.0605966,
            21.1358877
          ],
          [
            79.0605528,
            21.1358722
          ],
          [
            79.0603932,
            21.1358159
          ],
          [
            79.0603373,
            21.135793
          ],
          [
            79.0600636,
            21.1356808
          ],
          [
            79.0590437,
            21.1352124
          ],
          [
            79.058295,
            21.1348072
          ],
          [
            79.0580866,
            21.134704
          ],
          [
            79.0575956,
            21.1344738
          ],
          [
            79.0569055,
            21.1340485
          ],
          [
            79.0564967,
            21.1338056
          ],
          [
            79.0561753,
            21.1336146
          ],
          [
            79.0556339,
            21.1332955
          ],
          [
            79.0554291,
            21.1331789
          ],
          [
            79.0550633,
            21.1329706
          ],
          [
            79.0544656,
            21.1326415
          ],
          [
            79.0539279,
            21.1323455
          ],
          [
            79.0535532,
            21.1321392
          ],
          [
            79.0532456,
            21.1319682
          ],
          [
            79.053228,
            21.1319564
          ],
          [
            79.0528705,
            21.1317503
          ],
          [
            79.052268,
            21.1313591
          ],
          [
            79.052234,
            21.1313446
          ],
          [
            79.0521857,
            21.1313296
          ],
          [
            79.0517379,
            21.1312188
          ],
          [
            79.051215,
            21.1310637
          ],
          [
            79.0509807,
            21.1310006
          ],
          [
            79.0509133,
            21.1309811
          ],
          [
            79.0505468,
            21.130897
          ],
          [
            79.0500356,
            21.1307798
          ],
          [
            79.0495117,
            21.1306542
          ],
          [
            79.0493171,
            21.1306114
          ],
          [
            79.0491956,
            21.1306077
          ]
        ]
      },
      "properties": {
        "osm_id": "779091489",
        "name": "North Ambazari Road",
        "highway": "secondary",
        "length_m": 3453.6,
        "oneway": true,
        "maxspeed": null,
        "source": "OpenStreetMap"
      }
    },
    {
      "type": "Feature",
      "id": "osm-way-779091490",
      "geometry": {
        "type": "LineString",
        "coordinates": [
          [
            79.0801886,
            21.1411618
          ],
          [
            79.0802285,
            21.1412949
          ]
        ]
      },
      "properties": {
        "osm_id": "779091490",
        "name": "Road 779091490",
        "highway": "primary",
        "length_m": 15.4,
        "oneway": true,
        "maxspeed": null,
        "source": "OpenStreetMap"
      }
    },
    {
      "type": "Feature",
      "id": "osm-way-779091491",
      "geometry": {
        "type": "LineString",
        "coordinates": [
          [
            79.0805703,
            21.1411421
          ],
          [
            79.0804376,
            21.1411435
          ],
          [
            79.0803934,
            21.141144
          ]
        ]
      },
      "properties": {
        "osm_id": "779091491",
        "name": "North Ambazari Road",
        "highway": "secondary",
        "length_m": 18.3,
        "oneway": true,
        "maxspeed": null,
        "source": "OpenStreetMap"
      }
    },
    {
      "type": "Feature",
      "id": "osm-way-779091492",
      "geometry": {
        "type": "LineString",
        "coordinates": [
          [
            79.0799264,
            21.1413076
          ],
          [
            79.0800381,
            21.1413677
          ],
          [
            79.0800998,
            21.1414152
          ],
          [
            79.0802258,
            21.1415103
          ],
          [
            79.0803159,
            21.1415844
          ]
        ]
      },
      "properties": {
        "osm_id": "779091492",
        "name": "Road 779091492",
        "highway": "primary_link",
        "length_m": 50.9,
        "oneway": true,
        "maxspeed": null,
        "source": "OpenStreetMap"
      }
    },
    {
      "type": "Feature",
      "id": "osm-way-779091496",
      "geometry": {
        "type": "LineString",
        "coordinates": [
          [
            79.0769893,
            21.131579
          ],
          [
            79.0770662,
            21.1317334
          ],
          [
            79.0773398,
            21.132494
          ],
          [
            79.0775597,
            21.133157
          ],
          [
            79.0778494,
            21.1340201
          ],
          [
            79.0781659,
            21.1349558
          ],
          [
            79.0782146,
            21.1350964
          ],
          [
            79.0782506,
            21.1352005
          ],
          [
            79.078359,
            21.1355137
          ],
          [
            79.0785387,
            21.1360791
          ],
          [
            79.0787882,
            21.1367896
          ],
          [
            79.0790054,
            21.13746
          ],
          [
            79.0793407,
            21.1384482
          ],
          [
            79.0797109,
            21.139514
          ],
          [
            79.0800381,
            21.1405121
          ],
          [
            79.0802392,
            21.14112
          ],
          [
            79.0803492,
            21.1415178
          ],
          [
            79.0805853,
            21.1423859
          ],
          [
            79.0807515,
            21.1429863
          ],
          [
            79.0808401,
            21.1434666
          ],
          [
            79.0809608,
            21.1444272
          ],
          [
            79.0811056,
            21.1453578
          ],
          [
            79.0812317,
            21.1460983
          ],
          [
            79.0812879,
            21.1465361
          ],
          [
            79.0812874,
            21.1467523
          ]
        ]
      },
      "properties": {
        "osm_id": "779091496",
        "name": "Wardha Road Flyover",
        "highway": "trunk",
        "length_m": 1750.3,
        "oneway": true,
        "maxspeed": "50",
        "source": "OpenStreetMap"
      }
    },
    {
      "type": "Feature",
      "id": "osm-way-779091497",
      "geometry": {
        "type": "LineString",
        "coordinates": [
          [
            79.0812874,
            21.1467523
          ],
          [
            79.0812309,
            21.146874
          ]
        ]
      },
      "properties": {
        "osm_id": "779091497",
        "name": "NH47",
        "highway": "trunk_link",
        "length_m": 14.7,
        "oneway": true,
        "maxspeed": null,
        "source": "OpenStreetMap"
      }
    },
    {
      "type": "Feature",
      "id": "osm-way-779091498",
      "geometry": {
        "type": "LineString",
        "coordinates": [
          [
            79.0813755,
            21.1468599
          ],
          [
            79.0813514,
            21.1467029
          ]
        ]
      },
      "properties": {
        "osm_id": "779091498",
        "name": "NH47",
        "highway": "trunk_link",
        "length_m": 17.6,
        "oneway": true,
        "maxspeed": null,
        "source": "OpenStreetMap"
      }
    },
    {
      "type": "Feature",
      "id": "osm-way-779094503",
      "geometry": {
        "type": "LineString",
        "coordinates": [
          [
            79.0810811,
            21.1525953
          ],
          [
            79.0809071,
            21.1525946
          ]
        ]
      },
      "properties": {
        "osm_id": "779094503",
        "name": "Road 779094503",
        "highway": "primary",
        "length_m": 18.0,
        "oneway": true,
        "maxspeed": null,
        "source": "OpenStreetMap"
      }
    },
    {
      "type": "Feature",
      "id": "osm-way-779094504",
      "geometry": {
        "type": "LineString",
        "coordinates": [
          [
            79.0846521,
            21.1543257
          ],
          [
            79.084545,
            21.1542307
          ],
          [
            79.0842885,
            21.1540165
          ],
          [
            79.0840127,
            21.1537984
          ],
          [
            79.0837489,
            21.1536008
          ],
          [
            79.0830419,
            21.1531405
          ],
          [
            79.0828824,
            21.1531147
          ]
        ]
      },
      "properties": {
        "osm_id": "779094504",
        "name": "Road 779094504",
        "highway": "tertiary",
        "length_m": 229.8,
        "oneway": true,
        "maxspeed": null,
        "source": "OpenStreetMap"
      }
    },
    {
      "type": "Feature",
      "id": "osm-way-779094505",
      "geometry": {
        "type": "LineString",
        "coordinates": [
          [
            79.0821242,
            21.1554272
          ],
          [
            79.0817967,
            21.1553376
          ]
        ]
      },
      "properties": {
        "osm_id": "779094505",
        "name": "Road 779094505",
        "highway": "trunk_link",
        "length_m": 35.4,
        "oneway": true,
        "maxspeed": null,
        "source": "OpenStreetMap"
      }
    },
    {
      "type": "Feature",
      "id": "osm-way-779094506",
      "geometry": {
        "type": "LineString",
        "coordinates": [
          [
            79.08194,
            21.1559593
          ],
          [
            79.0819471,
            21.1557967
          ],
          [
            79.0819722,
            21.155716
          ],
          [
            79.0820108,
            21.1556519
          ],
          [
            79.0821235,
            21.1555142
          ]
        ]
      },
      "properties": {
        "osm_id": "779094506",
        "name": "Road 779094506",
        "highway": "trunk_link",
        "length_m": 54.9,
        "oneway": true,
        "maxspeed": null,
        "source": "OpenStreetMap"
      }
    },
    {
      "type": "Feature",
      "id": "osm-way-779094507",
      "geometry": {
        "type": "LineString",
        "coordinates": [
          [
            79.0816856,
            21.1553885
          ],
          [
            79.0816295,
            21.1554979
          ],
          [
            79.0815705,
            21.155633
          ],
          [
            79.0815302,
            21.1557229
          ]
        ]
      },
      "properties": {
        "osm_id": "779094507",
        "name": "Road 779094507",
        "highway": "trunk_link",
        "length_m": 40.5,
        "oneway": true,
        "maxspeed": null,
        "source": "OpenStreetMap"
      }
    },
    {
      "type": "Feature",
      "id": "osm-way-779094509",
      "geometry": {
        "type": "LineString",
        "coordinates": [
          [
            79.0821698,
            21.1568578
          ],
          [
            79.08194,
            21.1559593
          ],
          [
            79.0818529,
            21.155635
          ]
        ]
      },
      "properties": {
        "osm_id": "779094509",
        "name": "Road 779094509",
        "highway": "primary",
        "length_m": 139.9,
        "oneway": true,
        "maxspeed": null,
        "source": "OpenStreetMap"
      }
    },
    {
      "type": "Feature",
      "id": "osm-way-779094513",
      "geometry": {
        "type": "LineString",
        "coordinates": [
          [
            79.0818376,
            21.1555781
          ],
          [
            79.0817574,
            21.1556187
          ]
        ]
      },
      "properties": {
        "osm_id": "779094513",
        "name": "Kingsway Road",
        "highway": "trunk",
        "length_m": 9.5,
        "oneway": true,
        "maxspeed": null,
        "source": "OpenStreetMap"
      }
    },
    {
      "type": "Feature",
      "id": "osm-way-779094514",
      "geometry": {
        "type": "LineString",
        "coordinates": [
          [
            79.0821242,
            21.1554272
          ],
          [
            79.0818376,
            21.1555781
          ]
        ]
      },
      "properties": {
        "osm_id": "779094514",
        "name": "Kingsway Road",
        "highway": "trunk",
        "length_m": 34.1,
        "oneway": true,
        "maxspeed": null,
        "source": "OpenStreetMap"
      }
    },
    {
      "type": "Feature",
      "id": "osm-way-779094515",
      "geometry": {
        "type": "LineString",
        "coordinates": [
          [
            79.0816856,
            21.1553885
          ],
          [
            79.0817574,
            21.1556187
          ]
        ]
      },
      "properties": {
        "osm_id": "779094515",
        "name": "NH53",
        "highway": "trunk",
        "length_m": 26.7,
        "oneway": true,
        "maxspeed": null,
        "source": "OpenStreetMap"
      }
    },
    {
      "type": "Feature",
      "id": "osm-way-779094516",
      "geometry": {
        "type": "LineString",
        "coordinates": [
          [
            79.0821235,
            21.1555142
          ],
          [
            79.0829427,
            21.1550997
          ],
          [
            79.0839918,
            21.1546103
          ],
          [
            79.0841251,
            21.1545559
          ],
          [
            79.0845449,
            21.1543698
          ],
          [
            79.0846097,
            21.154347
          ],
          [
            79.0846521,
            21.1543257
          ],
          [
            79.0849138,
            21.1542467
          ],
          [
            79.0852358,
            21.1541476
          ],
          [
            79.0854919,
            21.1540742
          ],
          [
            79.0859234,
            21.1539187
          ],
          [
            79.0863234,
            21.1537906
          ],
          [
            79.086497,
            21.1537418
          ],
          [
            79.0868214,
            21.1536607
          ],
          [
            79.0870295,
            21.1536393
          ]
        ]
      },
      "properties": {
        "osm_id": "779094516",
        "name": "Kingsway Road;Bhandara Road",
        "highway": "trunk",
        "length_m": 552.4,
        "oneway": true,
        "maxspeed": "40",
        "source": "OpenStreetMap"
      }
    },
    {
      "type": "Feature",
      "id": "osm-way-779094517",
      "geometry": {
        "type": "LineString",
        "coordinates": [
          [
            79.0814935,
            21.1541342
          ],
          [
            79.0814572,
            21.1539872
          ],
          [
            79.0813486,
            21.1535475
          ],
          [
            79.0813317,
            21.1534792
          ],
          [
            79.0811786,
            21.1529284
          ],
          [
            79.0811241,
            21.1527325
          ],
          [
            79.0811176,
            21.1527092
          ]
        ]
      },
      "properties": {
        "osm_id": "779094517",
        "name": "NH47;NH53",
        "highway": "trunk",
        "length_m": 163.2,
        "oneway": true,
        "maxspeed": null,
        "source": "OpenStreetMap"
      }
    },
    {
      "type": "Feature",
      "id": "osm-way-779094518",
      "geometry": {
        "type": "LineString",
        "coordinates": [
          [
            79.0809071,
            21.1525946
          ],
          [
            79.0806474,
            21.1526005
          ]
        ]
      },
      "properties": {
        "osm_id": "779094518",
        "name": "Road 779094518",
        "highway": "tertiary",
        "length_m": 26.9,
        "oneway": true,
        "maxspeed": null,
        "source": "OpenStreetMap"
      }
    },
    {
      "type": "Feature",
      "id": "osm-way-779094519",
      "geometry": {
        "type": "LineString",
        "coordinates": [
          [
            79.0809071,
            21.1525946
          ],
          [
            79.0809338,
            21.1526937
          ]
        ]
      },
      "properties": {
        "osm_id": "779094519",
        "name": "NH47;NH53",
        "highway": "trunk",
        "length_m": 11.4,
        "oneway": true,
        "maxspeed": null,
        "source": "OpenStreetMap"
      }
    },
    {
      "type": "Feature",
      "id": "osm-way-779094520",
      "geometry": {
        "type": "LineString",
        "coordinates": [
          [
            79.0809338,
            21.1526937
          ],
          [
            79.0811176,
            21.1527092
          ]
        ]
      },
      "properties": {
        "osm_id": "779094520",
        "name": "Road 779094520",
        "highway": "primary",
        "length_m": 19.1,
        "oneway": true,
        "maxspeed": null,
        "source": "OpenStreetMap"
      }
    },
    {
      "type": "Feature",
      "id": "osm-way-779094521",
      "geometry": {
        "type": "LineString",
        "coordinates": [
          [
            79.0809338,
            21.1526937
          ],
          [
            79.0813335,
            21.1540342
          ],
          [
            79.0813501,
            21.154101
          ]
        ]
      },
      "properties": {
        "osm_id": "779094521",
        "name": "NH47;NH53",
        "highway": "trunk",
        "length_m": 162.3,
        "oneway": true,
        "maxspeed": null,
        "source": "OpenStreetMap"
      }
    },
    {
      "type": "Feature",
      "id": "osm-way-779094522",
      "geometry": {
        "type": "LineString",
        "coordinates": [
          [
            79.0811176,
            21.1527092
          ],
          [
            79.0810811,
            21.1525953
          ]
        ]
      },
      "properties": {
        "osm_id": "779094522",
        "name": "NH47;NH53",
        "highway": "trunk",
        "length_m": 13.2,
        "oneway": true,
        "maxspeed": null,
        "source": "OpenStreetMap"
      }
    },
    {
      "type": "Feature",
      "id": "osm-way-779094523",
      "geometry": {
        "type": "LineString",
        "coordinates": [
          [
            79.0811176,
            21.1527092
          ],
          [
            79.0814095,
            21.1527338
          ],
          [
            79.0815731,
            21.1527713
          ]
        ]
      },
      "properties": {
        "osm_id": "779094523",
        "name": "Road 779094523",
        "highway": "primary",
        "length_m": 47.9,
        "oneway": true,
        "maxspeed": null,
        "source": "OpenStreetMap"
      }
    },
    {
      "type": "Feature",
      "id": "osm-way-779094525",
      "geometry": {
        "type": "LineString",
        "coordinates": [
          [
            79.0810811,
            21.1525953
          ],
          [
            79.0809957,
            21.1522732
          ],
          [
            79.0809769,
            21.152072
          ],
          [
            79.0809763,
            21.151697
          ],
          [
            79.0809634,
            21.1506386
          ],
          [
            79.0809443,
            21.150039
          ],
          [
            79.0808763,
            21.1496318
          ],
          [
            79.080718,
            21.1487137
          ],
          [
            79.0806992,
            21.1483935
          ],
          [
            79.0807824,
            21.1480458
          ],
          [
            79.0809541,
            21.1477006
          ],
          [
            79.081018,
            21.1475911
          ],
          [
            79.0811297,
            21.1474043
          ],
          [
            79.0811907,
            21.147309
          ],
          [
            79.0812138,
            21.1472545
          ],
          [
            79.0812849,
            21.1471219
          ],
          [
            79.0813322,
            21.147018
          ],
          [
            79.0813571,
            21.1469312
          ],
          [
            79.0813755,
            21.1468599
          ]
        ]
      },
      "properties": {
        "osm_id": "779094525",
        "name": "NH53",
        "highway": "trunk",
        "length_m": 655.9,
        "oneway": true,
        "maxspeed": null,
        "source": "OpenStreetMap"
      }
    },
    {
      "type": "Feature",
      "id": "osm-way-779094526",
      "geometry": {
        "type": "LineString",
        "coordinates": [
          [
            79.0806474,
            21.1526005
          ],
          [
            79.0793082,
            21.1526158
          ],
          [
            79.0789247,
            21.1525827
          ],
          [
            79.078856,
            21.1525768
          ],
          [
            79.0787623,
            21.1525687
          ],
          [
            79.0780717,
            21.1525532
          ],
          [
            79.0770856,
            21.1525232
          ],
          [
            79.0766447,
            21.1525282
          ],
          [
            79.0761903,
            21.152544
          ],
          [
            79.0759259,
            21.1525532
          ],
          [
            79.0750676,
            21.1526251
          ]
        ]
      },
      "properties": {
        "osm_id": "779094526",
        "name": "Road 779094526",
        "highway": "tertiary",
        "length_m": 579.4,
        "oneway": true,
        "maxspeed": null,
        "source": "OpenStreetMap"
      }
    },
    {
      "type": "Feature",
      "id": "osm-way-845280325",
      "geometry": {
        "type": "LineString",
        "coordinates": [
          [
            79.0806416,
            21.156203
          ],
          [
            79.0812454,
            21.1559406
          ],
          [
            79.0814829,
            21.1558256
          ],
          [
            79.0815344,
            21.1557987
          ],
          [
            79.0817736,
            21.1556738
          ]
        ]
      },
      "properties": {
        "osm_id": "845280325",
        "name": "Road 845280325",
        "highway": "trunk",
        "length_m": 131.4,
        "oneway": true,
        "maxspeed": null,
        "source": "OpenStreetMap"
      }
    },
    {
      "type": "Feature",
      "id": "osm-way-879519472",
      "geometry": {
        "type": "LineString",
        "coordinates": [
          [
            79.0928892,
            21.1533056
          ],
          [
            79.0917721,
            21.1533341
          ]
        ]
      },
      "properties": {
        "osm_id": "879519472",
        "name": "Old Bhandara Road Flyover",
        "highway": "trunk",
        "length_m": 115.9,
        "oneway": true,
        "maxspeed": "20",
        "source": "OpenStreetMap"
      }
    },
    {
      "type": "Feature",
      "id": "osm-way-879519473",
      "geometry": {
        "type": "LineString",
        "coordinates": [
          [
            79.0917616,
            21.1534575
          ],
          [
            79.0926084,
            21.1534437
          ],
          [
            79.0929339,
            21.1534329
          ]
        ]
      },
      "properties": {
        "osm_id": "879519473",
        "name": "Old Bhandara Road Flyover",
        "highway": "trunk",
        "length_m": 121.6,
        "oneway": true,
        "maxspeed": null,
        "source": "OpenStreetMap"
      }
    },
    {
      "type": "Feature",
      "id": "osm-way-879522365",
      "geometry": {
        "type": "LineString",
        "coordinates": [
          [
            79.0869533,
            21.1428461
          ],
          [
            79.0870852,
            21.1429137
          ],
          [
            79.0871464,
            21.1430124
          ]
        ]
      },
      "properties": {
        "osm_id": "879522365",
        "name": "Road 879522365",
        "highway": "secondary",
        "length_m": 28.3,
        "oneway": false,
        "maxspeed": null,
        "source": "OpenStreetMap"
      }
    },
    {
      "type": "Feature",
      "id": "osm-way-978238118",
      "geometry": {
        "type": "LineString",
        "coordinates": [
          [
            79.0813755,
            21.1468599
          ],
          [
            79.0814225,
            21.1467405
          ],
          [
            79.0814233,
            21.146558
          ],
          [
            79.0813819,
            21.1462909
          ],
          [
            79.0813591,
            21.1461435
          ],
          [
            79.0812291,
            21.1452754
          ],
          [
            79.0812184,
            21.1452037
          ],
          [
            79.0810603,
            21.1441143
          ],
          [
            79.0810131,
            21.1436998
          ],
          [
            79.0809955,
            21.1435456
          ],
          [
            79.0809939,
            21.1435366
          ],
          [
            79.0809881,
            21.1434953
          ]
        ]
      },
      "properties": {
        "osm_id": "978238118",
        "name": "NH53",
        "highway": "primary",
        "length_m": 378.0,
        "oneway": true,
        "maxspeed": null,
        "source": "OpenStreetMap"
      }
    },
    {
      "type": "Feature",
      "id": "osm-way-978238119",
      "geometry": {
        "type": "LineString",
        "coordinates": [
          [
            79.0807886,
            21.1435697
          ],
          [
            79.0808186,
            21.1437227
          ],
          [
            79.0808251,
            21.1437794
          ],
          [
            79.0808776,
            21.1442387
          ],
          [
            79.0810282,
            21.1452037
          ],
          [
            79.0810377,
            21.1452683
          ],
          [
            79.081102,
            21.1456943
          ],
          [
            79.0811721,
            21.1461589
          ],
          [
            79.0812028,
            21.1463578
          ],
          [
            79.0812251,
            21.1465699
          ],
          [
            79.0812219,
            21.1467304
          ],
          [
            79.0812309,
            21.146874
          ]
        ]
      },
      "properties": {
        "osm_id": "978238119",
        "name": "Wardha Road flyover",
        "highway": "primary",
        "length_m": 370.6,
        "oneway": true,
        "maxspeed": null,
        "source": "OpenStreetMap"
      }
    },
    {
      "type": "Feature",
      "id": "osm-way-992438592",
      "geometry": {
        "type": "LineString",
        "coordinates": [
          [
            79.0897254,
            21.146465
          ],
          [
            79.0898401,
            21.1464523
          ],
          [
            79.091413,
            21.1462923
          ]
        ]
      },
      "properties": {
        "osm_id": "992438592",
        "name": "Road 992438592",
        "highway": "residential",
        "length_m": 176.1,
        "oneway": false,
        "maxspeed": null,
        "source": "OpenStreetMap"
      }
    },
    {
      "type": "Feature",
      "id": "osm-way-992438593",
      "geometry": {
        "type": "LineString",
        "coordinates": [
          [
            79.0896971,
            21.1434554
          ],
          [
            79.0897876,
            21.1434805
          ],
          [
            79.0898252,
            21.1435155
          ],
          [
            79.0898895,
            21.1437257
          ],
          [
            79.0900344,
            21.1449009
          ]
        ]
      },
      "properties": {
        "osm_id": "992438593",
        "name": "Road 992438593",
        "highway": "residential",
        "length_m": 171.1,
        "oneway": false,
        "maxspeed": null,
        "source": "OpenStreetMap"
      }
    },
    {
      "type": "Feature",
      "id": "osm-way-992438594",
      "geometry": {
        "type": "LineString",
        "coordinates": [
          [
            79.092221,
            21.1438358
          ],
          [
            79.0922435,
            21.143807
          ],
          [
            79.0922605,
            21.1437306
          ],
          [
            79.0922701,
            21.143683
          ],
          [
            79.0922782,
            21.1436327
          ],
          [
            79.0922059,
            21.142769
          ]
        ]
      },
      "properties": {
        "osm_id": "992438594",
        "name": "Road 992438594",
        "highway": "residential",
        "length_m": 120.0,
        "oneway": false,
        "maxspeed": null,
        "source": "OpenStreetMap"
      }
    },
    {
      "type": "Feature",
      "id": "osm-way-992438595",
      "geometry": {
        "type": "LineString",
        "coordinates": [
          [
            79.0906369,
            21.1443146
          ],
          [
            79.0906351,
            21.1445534
          ],
          [
            79.0906727,
            21.1448315
          ]
        ]
      },
      "properties": {
        "osm_id": "992438595",
        "name": "Road 992438595",
        "highway": "residential",
        "length_m": 57.7,
        "oneway": false,
        "maxspeed": null,
        "source": "OpenStreetMap"
      }
    },
    {
      "type": "Feature",
      "id": "osm-way-992438596",
      "geometry": {
        "type": "LineString",
        "coordinates": [
          [
            79.0903133,
            21.1425805
          ],
          [
            79.0902613,
            21.1419638
          ],
          [
            79.0901738,
            21.141265
          ]
        ]
      },
      "properties": {
        "osm_id": "992438596",
        "name": "Road 992438596",
        "highway": "residential",
        "length_m": 147.0,
        "oneway": false,
        "maxspeed": null,
        "source": "OpenStreetMap"
      }
    },
    {
      "type": "Feature",
      "id": "osm-way-992438597",
      "geometry": {
        "type": "LineString",
        "coordinates": [
          [
            79.0939556,
            21.141119
          ],
          [
            79.0929419,
            21.141139
          ],
          [
            79.0923786,
            21.141199
          ],
          [
            79.0917594,
            21.141229
          ]
        ]
      },
      "properties": {
        "osm_id": "992438597",
        "name": "Road 992438597",
        "highway": "residential",
        "length_m": 228.3,
        "oneway": false,
        "maxspeed": null,
        "source": "OpenStreetMap"
      }
    },
    {
      "type": "Feature",
      "id": "osm-way-992438598",
      "geometry": {
        "type": "LineString",
        "coordinates": [
          [
            79.0917289,
            21.1414642
          ],
          [
            79.0914774,
            21.1414992
          ]
        ]
      },
      "properties": {
        "osm_id": "992438598",
        "name": "Road 992438598",
        "highway": "residential",
        "length_m": 26.4,
        "oneway": false,
        "maxspeed": null,
        "source": "OpenStreetMap"
      }
    },
    {
      "type": "Feature",
      "id": "osm-way-992438599",
      "geometry": {
        "type": "LineString",
        "coordinates": [
          [
            79.0890098,
            21.1410439
          ],
          [
            79.0893851,
            21.1410022
          ],
          [
            79.0894669,
            21.1409854
          ]
        ]
      },
      "properties": {
        "osm_id": "992438599",
        "name": "Road 992438599",
        "highway": "residential",
        "length_m": 47.9,
        "oneway": false,
        "maxspeed": null,
        "source": "OpenStreetMap"
      }
    },
    {
      "type": "Feature",
      "id": "osm-way-992438600",
      "geometry": {
        "type": "LineString",
        "coordinates": [
          [
            79.084805,
            21.1416543
          ],
          [
            79.0860254,
            21.1414742
          ]
        ]
      },
      "properties": {
        "osm_id": "992438600",
        "name": "Road 992438600",
        "highway": "residential",
        "length_m": 128.1,
        "oneway": false,
        "maxspeed": null,
        "source": "OpenStreetMap"
      }
    },
    {
      "type": "Feature",
      "id": "osm-way-992438602",
      "geometry": {
        "type": "LineString",
        "coordinates": [
          [
            79.084296,
            21.1438794
          ],
          [
            79.0841769,
            21.1443807
          ]
        ]
      },
      "properties": {
        "osm_id": "992438602",
        "name": "Road 992438602",
        "highway": "residential",
        "length_m": 57.1,
        "oneway": false,
        "maxspeed": null,
        "source": "OpenStreetMap"
      }
    },
    {
      "type": "Feature",
      "id": "osm-way-992438603",
      "geometry": {
        "type": "LineString",
        "coordinates": [
          [
            79.0852811,
            21.1434969
          ],
          [
            79.0852488,
            21.1434119
          ],
          [
            79.0852314,
            21.1433419
          ]
        ]
      },
      "properties": {
        "osm_id": "992438603",
        "name": "Road 992438603",
        "highway": "residential",
        "length_m": 18.0,
        "oneway": false,
        "maxspeed": null,
        "source": "OpenStreetMap"
      }
    },
    {
      "type": "Feature",
      "id": "osm-way-992438604",
      "geometry": {
        "type": "LineString",
        "coordinates": [
          [
            79.0849667,
            21.1422087
          ],
          [
            79.0849465,
            21.1425097
          ],
          [
            79.0849345,
            21.1426886
          ],
          [
            79.084956,
            21.1428487
          ],
          [
            79.0849488,
            21.1432354
          ]
        ]
      },
      "properties": {
        "osm_id": "992438604",
        "name": "Road 992438604",
        "highway": "residential",
        "length_m": 114.4,
        "oneway": false,
        "maxspeed": null,
        "source": "OpenStreetMap"
      }
    },
    {
      "type": "Feature",
      "id": "osm-way-992438605",
      "geometry": {
        "type": "LineString",
        "coordinates": [
          [
            79.0856409,
            21.1448605
          ],
          [
            79.0856141,
            21.1452167
          ],
          [
            79.0852988,
            21.1453076
          ]
        ]
      },
      "properties": {
        "osm_id": "992438605",
        "name": "Road 992438605",
        "highway": "residential",
        "length_m": 73.9,
        "oneway": false,
        "maxspeed": null,
        "source": "OpenStreetMap"
      }
    },
    {
      "type": "Feature",
      "id": "osm-way-992438606",
      "geometry": {
        "type": "LineString",
        "coordinates": [
          [
            79.0826271,
            21.1467566
          ],
          [
            79.0825639,
            21.1464403
          ],
          [
            79.0825251,
            21.1462459
          ],
          [
            79.0823953,
            21.1459397
          ]
        ]
      },
      "properties": {
        "osm_id": "992438606",
        "name": "Road 992438606",
        "highway": "residential",
        "length_m": 94.4,
        "oneway": false,
        "maxspeed": null,
        "source": "OpenStreetMap"
      }
    },
    {
      "type": "Feature",
      "id": "osm-way-992438607",
      "geometry": {
        "type": "LineString",
        "coordinates": [
          [
            79.0830188,
            21.1456605
          ],
          [
            79.0833655,
            21.1465321
          ]
        ]
      },
      "properties": {
        "osm_id": "992438607",
        "name": "Road 992438607",
        "highway": "residential",
        "length_m": 103.4,
        "oneway": false,
        "maxspeed": null,
        "source": "OpenStreetMap"
      }
    },
    {
      "type": "Feature",
      "id": "osm-way-992438608",
      "geometry": {
        "type": "LineString",
        "coordinates": [
          [
            79.0830188,
            21.1456605
          ],
          [
            79.0826378,
            21.1457706
          ],
          [
            79.0825305,
            21.1458156
          ],
          [
            79.0823953,
            21.1459397
          ]
        ]
      },
      "properties": {
        "osm_id": "992438608",
        "name": "Road 992438608",
        "highway": "residential",
        "length_m": 73.2,
        "oneway": false,
        "maxspeed": null,
        "source": "OpenStreetMap"
      }
    },
    {
      "type": "Feature",
      "id": "osm-way-992438609",
      "geometry": {
        "type": "LineString",
        "coordinates": [
          [
            79.0830188,
            21.1456605
          ],
          [
            79.0829222,
            21.1453237
          ]
        ]
      },
      "properties": {
        "osm_id": "992438609",
        "name": "Road 992438609",
        "highway": "residential",
        "length_m": 38.8,
        "oneway": false,
        "maxspeed": null,
        "source": "OpenStreetMap"
      }
    },
    {
      "type": "Feature",
      "id": "osm-way-992438610",
      "geometry": {
        "type": "LineString",
        "coordinates": [
          [
            79.0823953,
            21.1459397
          ],
          [
            79.0819015,
            21.1460026
          ],
          [
            79.0818783,
            21.146028
          ],
          [
            79.0818501,
            21.1461492
          ],
          [
            79.0818551,
            21.1461944
          ],
          [
            79.0818246,
            21.1462194
          ],
          [
            79.0813819,
            21.1462909
          ]
        ]
      },
      "properties": {
        "osm_id": "992438610",
        "name": "Road 992438610",
        "highway": "residential",
        "length_m": 125.0,
        "oneway": false,
        "maxspeed": null,
        "source": "OpenStreetMap"
      }
    },
    {
      "type": "Feature",
      "id": "osm-way-992440259",
      "geometry": {
        "type": "LineString",
        "coordinates": [
          [
            79.0918533,
            21.15072
          ],
          [
            79.0920353,
            21.150699
          ],
          [
            79.0924376,
            21.1505589
          ],
          [
            79.0929129,
            21.1503402
          ],
          [
            79.0931243,
            21.1503564
          ],
          [
            79.0933067,
            21.1503363
          ],
          [
            79.0934515,
            21.1502513
          ],
          [
            79.0935457,
            21.1501955
          ],
          [
            79.094047,
            21.1501287
          ]
        ]
      },
      "properties": {
        "osm_id": "992440259",
        "name": "Road 992440259",
        "highway": "residential",
        "length_m": 241.4,
        "oneway": false,
        "maxspeed": null,
        "source": "OpenStreetMap"
      }
    },
    {
      "type": "Feature",
      "id": "osm-way-992440260",
      "geometry": {
        "type": "LineString",
        "coordinates": [
          [
            79.0918533,
            21.15072
          ],
          [
            79.0918727,
            21.1505356
          ],
          [
            79.0918244,
            21.1502602
          ]
        ]
      },
      "properties": {
        "osm_id": "992440260",
        "name": "Road 992440260",
        "highway": "residential",
        "length_m": 51.6,
        "oneway": false,
        "maxspeed": null,
        "source": "OpenStreetMap"
      }
    },
    {
      "type": "Feature",
      "id": "osm-way-992440261",
      "geometry": {
        "type": "LineString",
        "coordinates": [
          [
            79.0918299,
            21.150799
          ],
          [
            79.0917489,
            21.1507968
          ],
          [
            79.091601,
            21.1508204
          ],
          [
            79.091309,
            21.1508635
          ],
          [
            79.0911609,
            21.150894
          ],
          [
            79.0910248,
            21.1509927
          ]
        ]
      },
      "properties": {
        "osm_id": "992440261",
        "name": "Road 992440261",
        "highway": "residential",
        "length_m": 88.2,
        "oneway": false,
        "maxspeed": null,
        "source": "OpenStreetMap"
      }
    },
    {
      "type": "Feature",
      "id": "osm-way-992440262",
      "geometry": {
        "type": "LineString",
        "coordinates": [
          [
            79.0918299,
            21.150799
          ],
          [
            79.0916276,
            21.1513542
          ]
        ]
      },
      "properties": {
        "osm_id": "992440262",
        "name": "Road 992440262",
        "highway": "residential",
        "length_m": 65.2,
        "oneway": false,
        "maxspeed": null,
        "source": "OpenStreetMap"
      }
    },
    {
      "type": "Feature",
      "id": "osm-way-992440263",
      "geometry": {
        "type": "LineString",
        "coordinates": [
          [
            79.0918533,
            21.15072
          ],
          [
            79.0918299,
            21.150799
          ]
        ]
      },
      "properties": {
        "osm_id": "992440263",
        "name": "Road 992440263",
        "highway": "residential",
        "length_m": 9.1,
        "oneway": false,
        "maxspeed": null,
        "source": "OpenStreetMap"
      }
    },
    {
      "type": "Feature",
      "id": "osm-way-992480262",
      "geometry": {
        "type": "LineString",
        "coordinates": [
          [
            79.0788174,
            21.1508145
          ],
          [
            79.0791929,
            21.1513192
          ],
          [
            79.0792157,
            21.1517484
          ],
          [
            79.0792106,
            21.1521213
          ],
          [
            79.0789247,
            21.1525827
          ]
        ]
      },
      "properties": {
        "osm_id": "992480262",
        "name": "Road 992480262",
        "highway": "residential",
        "length_m": 216.8,
        "oneway": false,
        "maxspeed": null,
        "source": "OpenStreetMap"
      }
    },
    {
      "type": "Feature",
      "id": "osm-way-992482170",
      "geometry": {
        "type": "LineString",
        "coordinates": [
          [
            79.0832376,
            21.1415296
          ],
          [
            79.0833288,
            21.1409977
          ],
          [
            79.0833556,
            21.1406473
          ]
        ]
      },
      "properties": {
        "osm_id": "992482170",
        "name": "Road 992482170",
        "highway": "residential",
        "length_m": 99.0,
        "oneway": false,
        "maxspeed": null,
        "source": "OpenStreetMap"
      }
    },
    {
      "type": "Feature",
      "id": "osm-way-992482171",
      "geometry": {
        "type": "LineString",
        "coordinates": [
          [
            79.0856835,
            21.1403173
          ],
          [
            79.0853727,
            21.1403674
          ],
          [
            79.0846079,
            21.1404258
          ]
        ]
      },
      "properties": {
        "osm_id": "992482171",
        "name": "Road 992482171",
        "highway": "residential",
        "length_m": 112.3,
        "oneway": false,
        "maxspeed": null,
        "source": "OpenStreetMap"
      }
    },
    {
      "type": "Feature",
      "id": "osm-way-992482172",
      "geometry": {
        "type": "LineString",
        "coordinates": [
          [
            79.0838009,
            21.1405178
          ],
          [
            79.0838216,
            21.1409805
          ],
          [
            79.0838222,
            21.140994
          ]
        ]
      },
      "properties": {
        "osm_id": "992482172",
        "name": "Road 992482172",
        "highway": "residential",
        "length_m": 53.0,
        "oneway": false,
        "maxspeed": null,
        "source": "OpenStreetMap"
      }
    },
    {
      "type": "Feature",
      "id": "osm-way-992482173",
      "geometry": {
        "type": "LineString",
        "coordinates": [
          [
            79.0855272,
            21.139788
          ],
          [
            79.0856195,
            21.139733
          ],
          [
            79.0866387,
            21.1393978
          ],
          [
            79.0868747,
            21.1392577
          ]
        ]
      },
      "properties": {
        "osm_id": "992482173",
        "name": "Road 992482173",
        "highway": "residential",
        "length_m": 152.5,
        "oneway": false,
        "maxspeed": null,
        "source": "OpenStreetMap"
      }
    },
    {
      "type": "Feature",
      "id": "osm-way-992482174",
      "geometry": {
        "type": "LineString",
        "coordinates": [
          [
            79.0872127,
            21.1404035
          ],
          [
            79.0871588,
            21.1402262
          ],
          [
            79.0869284,
            21.1394678
          ],
          [
            79.0868747,
            21.1392577
          ],
          [
            79.0868157,
            21.1390676
          ],
          [
            79.0866012,
            21.1386473
          ],
          [
            79.0865636,
            21.1385422
          ]
        ]
      },
      "properties": {
        "osm_id": "992482174",
        "name": "Road 992482174",
        "highway": "residential",
        "length_m": 218.2,
        "oneway": false,
        "maxspeed": null,
        "source": "OpenStreetMap"
      }
    },
    {
      "type": "Feature",
      "id": "osm-way-992482895",
      "geometry": {
        "type": "LineString",
        "coordinates": [
          [
            79.0667565,
            21.1388074
          ],
          [
            79.0672624,
            21.1389575
          ],
          [
            79.0673643,
            21.1390025
          ],
          [
            79.0676916,
            21.1390926
          ],
          [
            79.0677453,
            21.1391276
          ]
        ]
      },
      "properties": {
        "osm_id": "992482895",
        "name": "Road 992482895",
        "highway": "residential",
        "length_m": 108.9,
        "oneway": false,
        "maxspeed": null,
        "source": "OpenStreetMap"
      }
    },
    {
      "type": "Feature",
      "id": "osm-way-1009539090",
      "geometry": {
        "type": "LineString",
        "coordinates": [
          [
            79.0838222,
            21.140994
          ],
          [
            79.084195,
            21.1407851
          ],
          [
            79.0843671,
            21.1407765
          ],
          [
            79.0846618,
            21.1407618
          ]
        ]
      },
      "properties": {
        "osm_id": "1009539090",
        "name": "Road 1009539090",
        "highway": "residential",
        "length_m": 93.6,
        "oneway": false,
        "maxspeed": null,
        "source": "OpenStreetMap"
      }
    },
    {
      "type": "Feature",
      "id": "osm-way-1009769119",
      "geometry": {
        "type": "LineString",
        "coordinates": [
          [
            79.0847261,
            21.1411627
          ],
          [
            79.0844074,
            21.1412064
          ],
          [
            79.0842588,
            21.1412268
          ],
          [
            79.0838729,
            21.1412797
          ]
        ]
      },
      "properties": {
        "osm_id": "1009769119",
        "name": "Road 1009769119",
        "highway": "residential",
        "length_m": 89.4,
        "oneway": false,
        "maxspeed": null,
        "source": "OpenStreetMap"
      }
    },
    {
      "type": "Feature",
      "id": "osm-way-1010099909",
      "geometry": {
        "type": "LineString",
        "coordinates": [
          [
            79.0855217,
            21.1397524
          ],
          [
            79.0851599,
            21.1399353
          ],
          [
            79.0850274,
            21.1400023
          ]
        ]
      },
      "properties": {
        "osm_id": "1010099909",
        "name": "Road 1010099909",
        "highway": "residential",
        "length_m": 58.3,
        "oneway": false,
        "maxspeed": null,
        "source": "OpenStreetMap"
      }
    },
    {
      "type": "Feature",
      "id": "osm-way-1010142317",
      "geometry": {
        "type": "LineString",
        "coordinates": [
          [
            79.0897598,
            21.1457665
          ],
          [
            79.0898149,
            21.1457596
          ],
          [
            79.0908908,
            21.145625
          ],
          [
            79.091852,
            21.1455047
          ]
        ]
      },
      "properties": {
        "osm_id": "1010142317",
        "name": "Road 1010142317",
        "highway": "residential",
        "length_m": 218.9,
        "oneway": false,
        "maxspeed": null,
        "source": "OpenStreetMap"
      }
    },
    {
      "type": "Feature",
      "id": "osm-way-1010421420",
      "geometry": {
        "type": "LineString",
        "coordinates": [
          [
            79.0647714,
            21.1426569
          ],
          [
            79.0658753,
            21.1426342
          ],
          [
            79.0661706,
            21.1426281
          ],
          [
            79.0664034,
            21.1426234
          ],
          [
            79.0665767,
            21.1426198
          ],
          [
            79.0666183,
            21.1426185
          ],
          [
            79.0667861,
            21.1426135
          ],
          [
            79.0668422,
            21.1426118
          ],
          [
            79.0670909,
            21.1426043
          ],
          [
            79.0671976,
            21.1426011
          ],
          [
            79.0672506,
            21.1425995
          ],
          [
            79.0672843,
            21.1425985
          ],
          [
            79.0675552,
            21.1426048
          ]
        ]
      },
      "properties": {
        "osm_id": "1010421420",
        "name": "Road 1010421420",
        "highway": "residential",
        "length_m": 288.8,
        "oneway": false,
        "maxspeed": null,
        "source": "OpenStreetMap"
      }
    },
    {
      "type": "Feature",
      "id": "osm-way-1010449649",
      "geometry": {
        "type": "LineString",
        "coordinates": [
          [
            79.0838269,
            21.1389038
          ],
          [
            79.0836228,
            21.1382852
          ]
        ]
      },
      "properties": {
        "osm_id": "1010449649",
        "name": "Road 1010449649",
        "highway": "residential",
        "length_m": 72.0,
        "oneway": false,
        "maxspeed": null,
        "source": "OpenStreetMap"
      }
    },
    {
      "type": "Feature",
      "id": "osm-way-1010450628",
      "geometry": {
        "type": "LineString",
        "coordinates": [
          [
            79.0839747,
            21.1381784
          ],
          [
            79.084177,
            21.1388011
          ]
        ]
      },
      "properties": {
        "osm_id": "1010450628",
        "name": "Road 1010450628",
        "highway": "residential",
        "length_m": 72.4,
        "oneway": false,
        "maxspeed": null,
        "source": "OpenStreetMap"
      }
    },
    {
      "type": "Feature",
      "id": "osm-way-1011597418",
      "geometry": {
        "type": "LineString",
        "coordinates": [
          [
            79.0773046,
            21.1519791
          ],
          [
            79.0770164,
            21.151692
          ],
          [
            79.0769547,
            21.1516288
          ],
          [
            79.0769456,
            21.1515124
          ]
        ]
      },
      "properties": {
        "osm_id": "1011597418",
        "name": "Road 1011597418",
        "highway": "residential",
        "length_m": 66.2,
        "oneway": false,
        "maxspeed": null,
        "source": "OpenStreetMap"
      }
    },
    {
      "type": "Feature",
      "id": "osm-way-1012383782",
      "geometry": {
        "type": "LineString",
        "coordinates": [
          [
            79.0894959,
            21.1417338
          ],
          [
            79.0882798,
            21.1416571
          ]
        ]
      },
      "properties": {
        "osm_id": "1012383782",
        "name": "Road 1012383782",
        "highway": "residential",
        "length_m": 126.4,
        "oneway": false,
        "maxspeed": null,
        "source": "OpenStreetMap"
      }
    },
    {
      "type": "Feature",
      "id": "osm-way-1021075731",
      "geometry": {
        "type": "LineString",
        "coordinates": [
          [
            79.0800851,
            21.147106
          ],
          [
            79.080353,
            21.1471933
          ],
          [
            79.0809065,
            21.1472957
          ],
          [
            79.080983,
            21.1473208
          ],
          [
            79.081035,
            21.1473379
          ]
        ]
      },
      "properties": {
        "osm_id": "1021075731",
        "name": "dattaji didodkar marg",
        "highway": "residential",
        "length_m": 102.1,
        "oneway": false,
        "maxspeed": null,
        "source": "OpenStreetMap"
      }
    },
    {
      "type": "Feature",
      "id": "osm-way-1065046828",
      "geometry": {
        "type": "LineString",
        "coordinates": [
          [
            79.0913367,
            21.1418259
          ],
          [
            79.0913434,
            21.1416702
          ],
          [
            79.0913831,
            21.1415553
          ],
          [
            79.0914774,
            21.1414992
          ]
        ]
      },
      "properties": {
        "osm_id": "1065046828",
        "name": "Road 1065046828",
        "highway": "residential",
        "length_m": 42.4,
        "oneway": false,
        "maxspeed": null,
        "source": "OpenStreetMap"
      }
    },
    {
      "type": "Feature",
      "id": "osm-way-1065133656",
      "geometry": {
        "type": "LineString",
        "coordinates": [
          [
            79.0880425,
            21.1548286
          ],
          [
            79.0880979,
            21.1548663
          ],
          [
            79.0881346,
            21.1549441
          ],
          [
            79.0882147,
            21.1554078
          ],
          [
            79.0883115,
            21.1554233
          ],
          [
            79.0884583,
            21.1554078
          ],
          [
            79.0885617,
            21.1554762
          ],
          [
            79.0885751,
            21.1555914
          ],
          [
            79.088515,
            21.1556536
          ],
          [
            79.0883515,
            21.1556972
          ],
          [
            79.0882781,
            21.1557252
          ],
          [
            79.088238,
            21.1558839
          ],
          [
            79.0882914,
            21.1560115
          ],
          [
            79.0883115,
            21.1561142
          ],
          [
            79.0882747,
            21.1562075
          ],
          [
            79.0881713,
            21.1562293
          ],
          [
            79.0879044,
            21.156274
          ]
        ]
      },
      "properties": {
        "osm_id": "1065133656",
        "name": "Road 1065133656",
        "highway": "residential",
        "length_m": 250.6,
        "oneway": false,
        "maxspeed": null,
        "source": "OpenStreetMap"
      }
    },
    {
      "type": "Feature",
      "id": "osm-way-1065133658",
      "geometry": {
        "type": "LineString",
        "coordinates": [
          [
            79.0886218,
            21.1571878
          ],
          [
            79.0885384,
            21.1559461
          ],
          [
            79.088515,
            21.1556536
          ]
        ]
      },
      "properties": {
        "osm_id": "1065133658",
        "name": "Road 1065133658",
        "highway": "residential",
        "length_m": 171.0,
        "oneway": false,
        "maxspeed": null,
        "source": "OpenStreetMap"
      }
    },
    {
      "type": "Feature",
      "id": "osm-way-1089997053",
      "geometry": {
        "type": "LineString",
        "coordinates": [
          [
            79.0750676,
            21.1526251
          ],
          [
            79.0748255,
            21.1526361
          ],
          [
            79.0747143,
            21.1526426
          ],
          [
            79.0744127,
            21.1526602
          ],
          [
            79.0737895,
            21.1527419
          ],
          [
            79.0723571,
            21.1529335
          ],
          [
            79.0707993,
            21.153139
          ],
          [
            79.0701241,
            21.1532382
          ],
          [
            79.0697795,
            21.153303
          ],
          [
            79.0687081,
            21.1534668
          ],
          [
            79.0684128,
            21.153512
          ],
          [
            79.0682925,
            21.1535203
          ],
          [
            79.0669231,
            21.1537284
          ],
          [
            79.0668031,
            21.1537486
          ],
          [
            79.0654394,
            21.1539051
          ],
          [
            79.0642037,
            21.1540881
          ],
          [
            79.0640415,
            21.1541083
          ],
          [
            79.0636909,
            21.1541406
          ],
          [
            79.063324,
            21.1541744
          ],
          [
            79.0626021,
            21.1542899
          ],
          [
            79.0624297,
            21.1543692
          ]
        ]
      },
      "properties": {
        "osm_id": "1089997053",
        "name": "Road 1089997053",
        "highway": "tertiary",
        "length_m": 1326.4,
        "oneway": true,
        "maxspeed": null,
        "source": "OpenStreetMap"
      }
    },
    {
      "type": "Feature",
      "id": "osm-way-1118220650",
      "geometry": {
        "type": "LineString",
        "coordinates": [
          [
            79.0787689,
            21.157128
          ],
          [
            79.0787131,
            21.156981
          ],
          [
            79.0787142,
            21.1567689
          ],
          [
            79.0788321,
            21.1563879
          ],
          [
            79.0790005,
            21.1560248
          ],
          [
            79.0790767,
            21.1557807
          ],
          [
            79.0789002,
            21.152663
          ],
          [
            79.078856,
            21.1525768
          ],
          [
            79.0784579,
            21.1515923
          ]
        ]
      },
      "properties": {
        "osm_id": "1118220650",
        "name": "Road 1118220650",
        "highway": "tertiary",
        "length_m": 632.1,
        "oneway": true,
        "maxspeed": null,
        "source": "OpenStreetMap"
      }
    },
    {
      "type": "Feature",
      "id": "osm-way-1118220651",
      "geometry": {
        "type": "LineString",
        "coordinates": [
          [
            79.0784579,
            21.1515923
          ],
          [
            79.0783625,
            21.1513566
          ],
          [
            79.078284,
            21.1511781
          ]
        ]
      },
      "properties": {
        "osm_id": "1118220651",
        "name": "Road 1118220651",
        "highway": "tertiary",
        "length_m": 49.5,
        "oneway": true,
        "maxspeed": null,
        "source": "OpenStreetMap"
      }
    },
    {
      "type": "Feature",
      "id": "osm-way-1118273935",
      "geometry": {
        "type": "LineString",
        "coordinates": [
          [
            79.0841251,
            21.1545559
          ],
          [
            79.0841739,
            21.1546891
          ],
          [
            79.0844674,
            21.1554706
          ],
          [
            79.0845025,
            21.155542
          ],
          [
            79.0845484,
            21.1555741
          ],
          [
            79.0846013,
            21.1555699
          ],
          [
            79.0848384,
            21.1554916
          ],
          [
            79.0848882,
            21.1554636
          ],
          [
            79.0849059,
            21.1554074
          ],
          [
            79.0848951,
            21.1553369
          ],
          [
            79.0847219,
            21.1548331
          ]
        ]
      },
      "properties": {
        "osm_id": "1118273935",
        "name": "Road 1118273935",
        "highway": "residential",
        "length_m": 233.3,
        "oneway": false,
        "maxspeed": null,
        "source": "OpenStreetMap"
      }
    },
    {
      "type": "Feature",
      "id": "osm-way-1118273936",
      "geometry": {
        "type": "LineString",
        "coordinates": [
          [
            79.0846097,
            21.154347
          ],
          [
            79.0846716,
            21.1545067
          ],
          [
            79.0841739,
            21.1546891
          ]
        ]
      },
      "properties": {
        "osm_id": "1118273936",
        "name": "Road 1118273936",
        "highway": "residential",
        "length_m": 74.3,
        "oneway": false,
        "maxspeed": null,
        "source": "OpenStreetMap"
      }
    },
    {
      "type": "Feature",
      "id": "osm-way-1118833499",
      "geometry": {
        "type": "LineString",
        "coordinates": [
          [
            79.0775286,
            21.1562245
          ],
          [
            79.0774064,
            21.1557072
          ],
          [
            79.0774023,
            21.1556561
          ],
          [
            79.0774111,
            21.1556244
          ],
          [
            79.0774286,
            21.1555831
          ],
          [
            79.0774764,
            21.1555591
          ]
        ]
      },
      "properties": {
        "osm_id": "1118833499",
        "name": "Road 1118833499",
        "highway": "residential",
        "length_m": 78.8,
        "oneway": false,
        "maxspeed": null,
        "source": "OpenStreetMap"
      }
    },
    {
      "type": "Feature",
      "id": "osm-way-1118833500",
      "geometry": {
        "type": "LineString",
        "coordinates": [
          [
            79.0774764,
            21.1555591
          ],
          [
            79.077474,
            21.1555
          ],
          [
            79.077444,
            21.1547496
          ]
        ]
      },
      "properties": {
        "osm_id": "1118833500",
        "name": "Road 1118833500",
        "highway": "residential",
        "length_m": 90.1,
        "oneway": false,
        "maxspeed": null,
        "source": "OpenStreetMap"
      }
    },
    {
      "type": "Feature",
      "id": "osm-way-1118871261",
      "geometry": {
        "type": "LineString",
        "coordinates": [
          [
            79.0748794,
            21.1552522
          ],
          [
            79.0754155,
            21.1551798
          ]
        ]
      },
      "properties": {
        "osm_id": "1118871261",
        "name": "Road 1118871261",
        "highway": "residential",
        "length_m": 56.2,
        "oneway": false,
        "maxspeed": null,
        "source": "OpenStreetMap"
      }
    },
    {
      "type": "Feature",
      "id": "osm-way-1122246120",
      "geometry": {
        "type": "LineString",
        "coordinates": [
          [
            79.0914395,
            21.1535466
          ],
          [
            79.0924346,
            21.1535217
          ],
          [
            79.0929167,
            21.1535097
          ],
          [
            79.0930347,
            21.1534248
          ]
        ]
      },
      "properties": {
        "osm_id": "1122246120",
        "name": "Road 1122246120",
        "highway": "tertiary",
        "length_m": 168.7,
        "oneway": true,
        "maxspeed": null,
        "source": "OpenStreetMap"
      }
    },
    {
      "type": "Feature",
      "id": "osm-way-1125555233",
      "geometry": {
        "type": "LineString",
        "coordinates": [
          [
            79.0747412,
            21.1527688
          ],
          [
            79.0747462,
            21.1530059
          ],
          [
            79.0747536,
            21.153359
          ],
          [
            79.0747819,
            21.1539828
          ],
          [
            79.0747837,
            21.1540661
          ],
          [
            79.0747843,
            21.1543296
          ],
          [
            79.0747853,
            21.1547192
          ],
          [
            79.0748191,
            21.1551628
          ],
          [
            79.0748226,
            21.1552668
          ],
          [
            79.074966,
            21.1558593
          ],
          [
            79.0749936,
            21.1559589
          ],
          [
            79.0751888,
            21.156662
          ],
          [
            79.0752243,
            21.1567669
          ],
          [
            79.0753522,
            21.1570588
          ],
          [
            79.0754296,
            21.1572356
          ],
          [
            79.0757675,
            21.1579798
          ],
          [
            79.0758065,
            21.1580657
          ],
          [
            79.0759175,
            21.1582696
          ],
          [
            79.0759513,
            21.1583316
          ],
          [
            79.0760844,
            21.1585757
          ],
          [
            79.0761513,
            21.158713
          ],
          [
            79.0761817,
            21.1587754
          ],
          [
            79.0764347,
            21.1592193
          ],
          [
            79.0764984,
            21.1593992
          ],
          [
            79.0765795,
            21.159766
          ]
        ]
      },
      "properties": {
        "osm_id": "1125555233",
        "name": "Road 1125555233",
        "highway": "tertiary",
        "length_m": 813.1,
        "oneway": true,
        "maxspeed": null,
        "source": "OpenStreetMap"
      }
    },
    {
      "type": "Feature",
      "id": "osm-way-1126641144",
      "geometry": {
        "type": "LineString",
        "coordinates": [
          [
            79.0872156,
            21.1536291
          ],
          [
            79.087319,
            21.1536329
          ],
          [
            79.0874477,
            21.1536483
          ]
        ]
      },
      "properties": {
        "osm_id": "1126641144",
        "name": "Road 1126641144",
        "highway": "trunk",
        "length_m": 24.2,
        "oneway": true,
        "maxspeed": null,
        "source": "OpenStreetMap"
      }
    },
    {
      "type": "Feature",
      "id": "osm-way-1126956898",
      "geometry": {
        "type": "LineString",
        "coordinates": [
          [
            79.0841802,
            21.146823
          ],
          [
            79.0839756,
            21.1463718
          ]
        ]
      },
      "properties": {
        "osm_id": "1126956898",
        "name": "Road 1126956898",
        "highway": "residential",
        "length_m": 54.5,
        "oneway": false,
        "maxspeed": null,
        "source": "OpenStreetMap"
      }
    },
    {
      "type": "Feature",
      "id": "osm-way-1145038777",
      "geometry": {
        "type": "LineString",
        "coordinates": [
          [
            79.0748447,
            21.1540629
          ],
          [
            79.0747837,
            21.1540661
          ]
        ]
      },
      "properties": {
        "osm_id": "1145038777",
        "name": "Road 1145038777",
        "highway": "tertiary",
        "length_m": 6.3,
        "oneway": false,
        "maxspeed": null,
        "source": "OpenStreetMap"
      }
    },
    {
      "type": "Feature",
      "id": "osm-way-1148389667",
      "geometry": {
        "type": "LineString",
        "coordinates": [
          [
            79.0823819,
            21.1418013
          ],
          [
            79.0828463,
            21.1419146
          ],
          [
            79.0829812,
            21.1420055
          ],
          [
            79.0829487,
            21.1420813
          ],
          [
            79.0828772,
            21.1421693
          ],
          [
            79.0828122,
            21.1423118
          ],
          [
            79.0827796,
            21.1425665
          ],
          [
            79.0826382,
            21.1437597
          ],
          [
            79.082587,
            21.1439451
          ]
        ]
      },
      "properties": {
        "osm_id": "1148389667",
        "name": "Road 1148389667",
        "highway": "residential",
        "length_m": 288.9,
        "oneway": false,
        "maxspeed": null,
        "source": "OpenStreetMap"
      }
    },
    {
      "type": "Feature",
      "id": "osm-way-1162084435",
      "geometry": {
        "type": "LineString",
        "coordinates": [
          [
            79.0883624,
            21.1535007
          ],
          [
            79.087829,
            21.1535568
          ],
          [
            79.0874869,
            21.1535563
          ],
          [
            79.0870985,
            21.1535705
          ],
          [
            79.0868026,
            21.153603
          ],
          [
            79.0862078,
            21.1537714
          ],
          [
            79.0855478,
            21.1539808
          ],
          [
            79.0846963,
            21.1542544
          ],
          [
            79.0843218,
            21.1544054
          ],
          [
            79.083721,
            21.1546756
          ],
          [
            79.0829138,
            21.1550534
          ],
          [
            79.0825208,
            21.1552402
          ],
          [
            79.0824626,
            21.1552681
          ]
        ]
      },
      "properties": {
        "osm_id": "1162084435",
        "name": "Road 1162084435",
        "highway": "trunk",
        "length_m": 650.2,
        "oneway": true,
        "maxspeed": null,
        "source": "OpenStreetMap"
      }
    },
    {
      "type": "Feature",
      "id": "osm-way-1162084436",
      "geometry": {
        "type": "LineString",
        "coordinates": [
          [
            79.0846963,
            21.1542544
          ],
          [
            79.0845092,
            21.154224
          ],
          [
            79.0844145,
            21.1541971
          ],
          [
            79.0841964,
            21.1540104
          ],
          [
            79.0841208,
            21.1539501
          ],
          [
            79.0839525,
            21.1538156
          ],
          [
            79.0836199,
            21.1535815
          ],
          [
            79.0831886,
            21.1533093
          ],
          [
            79.0829998,
            21.1531858
          ]
        ]
      },
      "properties": {
        "osm_id": "1162084436",
        "name": "Road 1162084436",
        "highway": "primary",
        "length_m": 215.1,
        "oneway": true,
        "maxspeed": null,
        "source": "OpenStreetMap"
      }
    },
    {
      "type": "Feature",
      "id": "osm-way-1162084437",
      "geometry": {
        "type": "LineString",
        "coordinates": [
          [
            79.0829998,
            21.1531858
          ],
          [
            79.0828824,
            21.1531147
          ]
        ]
      },
      "properties": {
        "osm_id": "1162084437",
        "name": "Road 1162084437",
        "highway": "primary",
        "length_m": 14.5,
        "oneway": true,
        "maxspeed": null,
        "source": "OpenStreetMap"
      }
    },
    {
      "type": "Feature",
      "id": "osm-way-1162509196",
      "geometry": {
        "type": "LineString",
        "coordinates": [
          [
            79.0813903,
            21.1542307
          ],
          [
            79.0814935,
            21.1541342
          ]
        ]
      },
      "properties": {
        "osm_id": "1162509196",
        "name": "Road 1162509196",
        "highway": "trunk",
        "length_m": 15.2,
        "oneway": true,
        "maxspeed": null,
        "source": "OpenStreetMap"
      }
    },
    {
      "type": "Feature",
      "id": "osm-way-1162509198",
      "geometry": {
        "type": "LineString",
        "coordinates": [
          [
            79.0813335,
            21.1540342
          ],
          [
            79.0812971,
            21.1542017
          ]
        ]
      },
      "properties": {
        "osm_id": "1162509198",
        "name": "Road 1162509198",
        "highway": "trunk",
        "length_m": 19.0,
        "oneway": true,
        "maxspeed": null,
        "source": "OpenStreetMap"
      }
    },
    {
      "type": "Feature",
      "id": "osm-way-1162509210",
      "geometry": {
        "type": "LineString",
        "coordinates": [
          [
            79.0797292,
            21.1643056
          ],
          [
            79.0796981,
            21.1642168
          ],
          [
            79.079637,
            21.164156
          ],
          [
            79.079637,
            21.1638893
          ],
          [
            79.0796303,
            21.1633516
          ],
          [
            79.0796303,
            21.1628802
          ],
          [
            79.0796195,
            21.162335
          ],
          [
            79.0796015,
            21.1618835
          ],
          [
            79.0795971,
            21.1615196
          ],
          [
            79.0795926,
            21.1611928
          ],
          [
            79.0795882,
            21.1610088
          ],
          [
            79.0795952,
            21.1608517
          ],
          [
            79.0796234,
            21.1606426
          ],
          [
            79.0796909,
            21.1603487
          ],
          [
            79.0797128,
            21.1601747
          ],
          [
            79.0797254,
            21.1600299
          ],
          [
            79.0796595,
            21.1596849
          ],
          [
            79.0796109,
            21.1594027
          ],
          [
            79.0796078,
            21.1592667
          ],
          [
            79.0796046,
            21.1590064
          ],
          [
            79.0796234,
            21.1585517
          ],
          [
            79.0796454,
            21.1581993
          ],
          [
            79.0797003,
            21.1577153
          ],
          [
            79.0797332,
            21.1574842
          ],
          [
            79.0797881,
            21.1572635
          ],
          [
            79.0798649,
            21.1570704
          ],
          [
            79.0800217,
            21.1568116
          ],
          [
            79.0802726,
            21.1564139
          ],
          [
            79.0805077,
            21.1560878
          ],
          [
            79.0806975,
            21.1557705
          ],
          [
            79.0808495,
            21.1554868
          ],
          [
            79.0810299,
            21.1551301
          ],
          [
            79.0811616,
            21.1547835
          ],
          [
            79.0812938,
            21.1544481
          ]
        ]
      },
      "properties": {
        "osm_id": "1162509210",
        "name": "Sadar Flyover",
        "highway": "trunk",
        "length_m": 1140.6,
        "oneway": true,
        "maxspeed": "50",
        "source": "OpenStreetMap"
      }
    },
    {
      "type": "Feature",
      "id": "osm-way-1162509211",
      "geometry": {
        "type": "LineString",
        "coordinates": [
          [
            79.0812938,
            21.1544481
          ],
          [
            79.0813599,
            21.1542889
          ],
          [
            79.0813903,
            21.1542307
          ]
        ]
      },
      "properties": {
        "osm_id": "1162509211",
        "name": "Sadar Flyover",
        "highway": "trunk",
        "length_m": 26.2,
        "oneway": true,
        "maxspeed": null,
        "source": "OpenStreetMap"
      }
    },
    {
      "type": "Feature",
      "id": "osm-way-1185980354",
      "geometry": {
        "type": "LineString",
        "coordinates": [
          [
            79.0813903,
            21.1542307
          ],
          [
            79.0816295,
            21.1551799
          ],
          [
            79.0816513,
            21.155261
          ],
          [
            79.0816856,
            21.1553885
          ]
        ]
      },
      "properties": {
        "osm_id": "1185980354",
        "name": "NH53",
        "highway": "trunk",
        "length_m": 132.3,
        "oneway": true,
        "maxspeed": null,
        "source": "OpenStreetMap"
      }
    },
    {
      "type": "Feature",
      "id": "osm-way-1188329214",
      "geometry": {
        "type": "LineString",
        "coordinates": [
          [
            79.0791981,
            21.1438642
          ],
          [
            79.0805147,
            21.1436094
          ],
          [
            79.0806606,
            21.1435882
          ],
          [
            79.0807886,
            21.1435697
          ],
          [
            79.0809955,
            21.1435456
          ]
        ]
      },
      "properties": {
        "osm_id": "1188329214",
        "name": "Amravati Road",
        "highway": "trunk",
        "length_m": 189.8,
        "oneway": true,
        "maxspeed": null,
        "source": "OpenStreetMap"
      }
    },
    {
      "type": "Feature",
      "id": "osm-way-1188329215",
      "geometry": {
        "type": "LineString",
        "coordinates": [
          [
            79.0744199,
            21.1452485
          ],
          [
            79.0747082,
            21.1451655
          ],
          [
            79.0760577,
            21.1447768
          ],
          [
            79.07615,
            21.1447478
          ],
          [
            79.0768521,
            21.1445272
          ],
          [
            79.0775777,
            21.1442864
          ],
          [
            79.0783193,
            21.1440775
          ],
          [
            79.0791981,
            21.1438642
          ]
        ]
      },
      "properties": {
        "osm_id": "1188329215",
        "name": "Amravati Road",
        "highway": "trunk",
        "length_m": 519.1,
        "oneway": true,
        "maxspeed": null,
        "source": "OpenStreetMap"
      }
    },
    {
      "type": "Feature",
      "id": "osm-way-1188932812",
      "geometry": {
        "type": "LineString",
        "coordinates": [
          [
            79.0676485,
            21.1462704
          ],
          [
            79.0678421,
            21.1462453
          ],
          [
            79.0680389,
            21.1462198
          ],
          [
            79.0686424,
            21.146141
          ],
          [
            79.069038,
            21.1460996
          ],
          [
            79.0692151,
            21.146081
          ],
          [
            79.0700247,
            21.1459784
          ],
          [
            79.0705629,
            21.1459134
          ],
          [
            79.0719221,
            21.1457355
          ],
          [
            79.072096,
            21.1457146
          ]
        ]
      },
      "properties": {
        "osm_id": "1188932812",
        "name": "NH53",
        "highway": "trunk",
        "length_m": 465.4,
        "oneway": true,
        "maxspeed": null,
        "source": "OpenStreetMap"
      }
    },
    {
      "type": "Feature",
      "id": "osm-way-1189794176",
      "geometry": {
        "type": "LineString",
        "coordinates": [
          [
            79.0887291,
            21.1453196
          ],
          [
            79.0888253,
            21.1452495
          ],
          [
            79.0888634,
            21.1451107
          ]
        ]
      },
      "properties": {
        "osm_id": "1189794176",
        "name": "New Loha Railway Underpass",
        "highway": "secondary",
        "length_m": 28.6,
        "oneway": true,
        "maxspeed": null,
        "source": "OpenStreetMap"
      }
    },
    {
      "type": "Feature",
      "id": "osm-way-1189794177",
      "geometry": {
        "type": "LineString",
        "coordinates": [
          [
            79.0882435,
            21.1455097
          ],
          [
            79.0887291,
            21.1453196
          ]
        ]
      },
      "properties": {
        "osm_id": "1189794177",
        "name": "New Loha Railway Underpass",
        "highway": "secondary",
        "length_m": 54.6,
        "oneway": true,
        "maxspeed": null,
        "source": "OpenStreetMap"
      }
    },
    {
      "type": "Feature",
      "id": "osm-way-1194060785",
      "geometry": {
        "type": "LineString",
        "coordinates": [
          [
            79.0828824,
            21.1531147
          ],
          [
            79.0825543,
            21.1529731
          ],
          [
            79.0816095,
            21.1526733
          ],
          [
            79.0814312,
            21.1526346
          ],
          [
            79.0811098,
            21.1525985
          ],
          [
            79.0810811,
            21.1525953
          ]
        ]
      },
      "properties": {
        "osm_id": "1194060785",
        "name": "Road 1194060785",
        "highway": "primary",
        "length_m": 196.5,
        "oneway": true,
        "maxspeed": null,
        "source": "OpenStreetMap"
      }
    },
    {
      "type": "Feature",
      "id": "osm-way-1195568114",
      "geometry": {
        "type": "LineString",
        "coordinates": [
          [
            79.0802627,
            21.1475171
          ],
          [
            79.0794872,
            21.1479092
          ],
          [
            79.0794645,
            21.1479179
          ],
          [
            79.0794418,
            21.1479161
          ],
          [
            79.0794261,
            21.1479085
          ],
          [
            79.0792152,
            21.1475724
          ]
        ]
      },
      "properties": {
        "osm_id": "1195568114",
        "name": "Road 1195568114",
        "highway": "residential",
        "length_m": 141.5,
        "oneway": false,
        "maxspeed": null,
        "source": "OpenStreetMap"
      }
    },
    {
      "type": "Feature",
      "id": "osm-way-1196310652",
      "geometry": {
        "type": "LineString",
        "coordinates": [
          [
            79.0829147,
            21.1388694
          ],
          [
            79.0830416,
            21.1391743
          ],
          [
            79.0830725,
            21.1393963
          ],
          [
            79.0830394,
            21.1396129
          ],
          [
            79.0829963,
            21.1397978
          ]
        ]
      },
      "properties": {
        "osm_id": "1196310652",
        "name": "Road 1196310652",
        "highway": "residential",
        "length_m": 106.6,
        "oneway": false,
        "maxspeed": null,
        "source": "OpenStreetMap"
      }
    },
    {
      "type": "Feature",
      "id": "osm-way-1196985627",
      "geometry": {
        "type": "LineString",
        "coordinates": [
          [
            79.0734326,
            21.1418177
          ],
          [
            79.0733206,
            21.1406509
          ],
          [
            79.0733263,
            21.1401429
          ],
          [
            79.0733211,
            21.1397375
          ],
          [
            79.0733185,
            21.1395391
          ],
          [
            79.0733002,
            21.1394753
          ],
          [
            79.0732757,
            21.1393902
          ]
        ]
      },
      "properties": {
        "osm_id": "1196985627",
        "name": "Maharajbagh road",
        "highway": "tertiary",
        "length_m": 271.0,
        "oneway": true,
        "maxspeed": null,
        "source": "OpenStreetMap"
      }
    },
    {
      "type": "Feature",
      "id": "osm-way-1198844598",
      "geometry": {
        "type": "LineString",
        "coordinates": [
          [
            79.0761903,
            21.152544
          ],
          [
            79.0761688,
            21.1517709
          ]
        ]
      },
      "properties": {
        "osm_id": "1198844598",
        "name": "Road 1198844598",
        "highway": "residential",
        "length_m": 86.0,
        "oneway": false,
        "maxspeed": null,
        "source": "OpenStreetMap"
      }
    },
    {
      "type": "Feature",
      "id": "osm-way-1198916365",
      "geometry": {
        "type": "LineString",
        "coordinates": [
          [
            79.0823695,
            21.1553145
          ],
          [
            79.0821242,
            21.1554272
          ]
        ]
      },
      "properties": {
        "osm_id": "1198916365",
        "name": "Kingsway Road",
        "highway": "trunk",
        "length_m": 28.4,
        "oneway": true,
        "maxspeed": null,
        "source": "OpenStreetMap"
      }
    },
    {
      "type": "Feature",
      "id": "osm-way-1198916366",
      "geometry": {
        "type": "LineString",
        "coordinates": [
          [
            79.0880733,
            21.1455465
          ],
          [
            79.0882435,
            21.1455097
          ]
        ]
      },
      "properties": {
        "osm_id": "1198916366",
        "name": "Road 1198916366",
        "highway": "secondary",
        "length_m": 18.1,
        "oneway": true,
        "maxspeed": null,
        "source": "OpenStreetMap"
      }
    },
    {
      "type": "Feature",
      "id": "osm-way-1218481969",
      "geometry": {
        "type": "LineString",
        "coordinates": [
          [
            79.0796523,
            21.1388198
          ],
          [
            79.0794414,
            21.1388895
          ],
          [
            79.0793999,
            21.138903
          ],
          [
            79.0786597,
            21.1391441
          ]
        ]
      },
      "properties": {
        "osm_id": "1218481969",
        "name": "Road 1218481969",
        "highway": "tertiary",
        "length_m": 109.1,
        "oneway": false,
        "maxspeed": null,
        "source": "OpenStreetMap"
      }
    },
    {
      "type": "Feature",
      "id": "osm-way-1218481970",
      "geometry": {
        "type": "LineString",
        "coordinates": [
          [
            79.0803501,
            21.1410278
          ],
          [
            79.0803169,
            21.1409162
          ],
          [
            79.0802569,
            21.1407322
          ],
          [
            79.0796627,
            21.1388528
          ],
          [
            79.0796523,
            21.1388198
          ]
        ]
      },
      "properties": {
        "osm_id": "1218481970",
        "name": "Road 1218481970",
        "highway": "primary",
        "length_m": 256.0,
        "oneway": true,
        "maxspeed": null,
        "source": "OpenStreetMap"
      }
    },
    {
      "type": "Feature",
      "id": "osm-way-1225578931",
      "geometry": {
        "type": "LineString",
        "coordinates": [
          [
            79.0891977,
            21.1434351
          ],
          [
            79.089176,
            21.1442924
          ],
          [
            79.0888306,
            21.1443067
          ],
          [
            79.0887921,
            21.144269
          ],
          [
            79.0886703,
            21.1435172
          ],
          [
            79.0886945,
            21.1434564
          ],
          [
            79.0887467,
            21.1434397
          ]
        ]
      },
      "properties": {
        "osm_id": "1225578931",
        "name": "Road 1225578931",
        "highway": "residential",
        "length_m": 234.5,
        "oneway": false,
        "maxspeed": null,
        "source": "OpenStreetMap"
      }
    },
    {
      "type": "Feature",
      "id": "osm-way-1225579040",
      "geometry": {
        "type": "LineString",
        "coordinates": [
          [
            79.089176,
            21.1442924
          ],
          [
            79.0895392,
            21.1442949
          ]
        ]
      },
      "properties": {
        "osm_id": "1225579040",
        "name": "Road 1225579040",
        "highway": "residential",
        "length_m": 37.7,
        "oneway": false,
        "maxspeed": null,
        "source": "OpenStreetMap"
      }
    },
    {
      "type": "Feature",
      "id": "osm-way-1232425078",
      "geometry": {
        "type": "LineString",
        "coordinates": [
          [
            79.0785543,
            21.1468727
          ],
          [
            79.0779457,
            21.1465931
          ]
        ]
      },
      "properties": {
        "osm_id": "1232425078",
        "name": "Road 1232425078",
        "highway": "residential",
        "length_m": 70.4,
        "oneway": false,
        "maxspeed": null,
        "source": "OpenStreetMap"
      }
    },
    {
      "type": "Feature",
      "id": "osm-way-1243698051",
      "geometry": {
        "type": "LineString",
        "coordinates": [
          [
            79.0817967,
            21.1553376
          ],
          [
            79.0817636,
            21.1552278
          ],
          [
            79.0814935,
            21.1541342
          ]
        ]
      },
      "properties": {
        "osm_id": "1243698051",
        "name": "NH53",
        "highway": "trunk",
        "length_m": 137.5,
        "oneway": true,
        "maxspeed": null,
        "source": "OpenStreetMap"
      }
    },
    {
      "type": "Feature",
      "id": "osm-way-1251059199",
      "geometry": {
        "type": "LineString",
        "coordinates": [
          [
            79.090735,
            21.1437082
          ],
          [
            79.0913196,
            21.1436857
          ]
        ]
      },
      "properties": {
        "osm_id": "1251059199",
        "name": "Road 1251059199",
        "highway": "residential",
        "length_m": 60.7,
        "oneway": false,
        "maxspeed": null,
        "source": "OpenStreetMap"
      }
    },
    {
      "type": "Feature",
      "id": "osm-way-1262068578",
      "geometry": {
        "type": "LineString",
        "coordinates": [
          [
            79.0813184,
            21.143622
          ],
          [
            79.0812854,
            21.1435509
          ],
          [
            79.0812657,
            21.1434871
          ],
          [
            79.0812613,
            21.1434317
          ],
          [
            79.0812651,
            21.1433632
          ]
        ]
      },
      "properties": {
        "osm_id": "1262068578",
        "name": "Road 1262068578",
        "highway": "tertiary_link",
        "length_m": 29.8,
        "oneway": true,
        "maxspeed": null,
        "source": "OpenStreetMap"
      }
    },
    {
      "type": "Feature",
      "id": "osm-way-1274362843",
      "geometry": {
        "type": "LineString",
        "coordinates": [
          [
            79.0917331,
            21.1416772
          ],
          [
            79.0919757,
            21.1416541
          ],
          [
            79.0921982,
            21.1416344
          ],
          [
            79.0924101,
            21.1416047
          ],
          [
            79.0926255,
            21.1415784
          ],
          [
            79.0929786,
            21.1415422
          ],
          [
            79.0931022,
            21.1415487
          ],
          [
            79.0933,
            21.1415092
          ],
          [
            79.0935684,
            21.1414829
          ],
          [
            79.0938197,
            21.1414507
          ]
        ]
      },
      "properties": {
        "osm_id": "1274362843",
        "name": "Road 1274362843",
        "highway": "residential",
        "length_m": 218.2,
        "oneway": false,
        "maxspeed": null,
        "source": "OpenStreetMap"
      }
    },
    {
      "type": "Feature",
      "id": "osm-way-1283846445",
      "geometry": {
        "type": "LineString",
        "coordinates": [
          [
            79.0917052,
            21.1447359
          ],
          [
            79.0916364,
            21.1447067
          ],
          [
            79.0915942,
            21.1447067
          ],
          [
            79.0915484,
            21.1445742
          ],
          [
            79.0915062,
            21.1444538
          ],
          [
            79.0914803,
            21.1444035
          ],
          [
            79.0914533,
            21.1443915
          ],
          [
            79.0913865,
            21.1443936
          ]
        ]
      },
      "properties": {
        "osm_id": "1283846445",
        "name": "Road 1283846445",
        "highway": "residential",
        "length_m": 58.0,
        "oneway": false,
        "maxspeed": null,
        "source": "OpenStreetMap"
      }
    },
    {
      "type": "Feature",
      "id": "osm-way-1283848227",
      "geometry": {
        "type": "LineString",
        "coordinates": [
          [
            79.0922302,
            21.1438932
          ],
          [
            79.0922674,
            21.1438949
          ]
        ]
      },
      "properties": {
        "osm_id": "1283848227",
        "name": "Road 1283848227",
        "highway": "residential",
        "length_m": 3.9,
        "oneway": false,
        "maxspeed": null,
        "source": "OpenStreetMap"
      }
    },
    {
      "type": "Feature",
      "id": "osm-way-1283852039",
      "geometry": {
        "type": "LineString",
        "coordinates": [
          [
            79.0919012,
            21.1445622
          ],
          [
            79.0919235,
            21.1445568
          ],
          [
            79.0919831,
            21.1445502
          ],
          [
            79.0920898,
            21.1445378
          ]
        ]
      },
      "properties": {
        "osm_id": "1283852039",
        "name": "Road 1283852039",
        "highway": "residential",
        "length_m": 19.8,
        "oneway": false,
        "maxspeed": null,
        "source": "OpenStreetMap"
      }
    },
    {
      "type": "Feature",
      "id": "osm-way-1283852040",
      "geometry": {
        "type": "LineString",
        "coordinates": [
          [
            79.091883,
            21.1445255
          ],
          [
            79.0919413,
            21.1445154
          ],
          [
            79.0920276,
            21.1445038
          ],
          [
            79.0920854,
            21.1444955
          ]
        ]
      },
      "properties": {
        "osm_id": "1283852040",
        "name": "Road 1283852040",
        "highway": "residential",
        "length_m": 21.3,
        "oneway": false,
        "maxspeed": null,
        "source": "OpenStreetMap"
      }
    },
    {
      "type": "Feature",
      "id": "osm-way-1288235418",
      "geometry": {
        "type": "LineString",
        "coordinates": [
          [
            79.0868803,
            21.1550377
          ],
          [
            79.086819,
            21.1547065
          ],
          [
            79.0868027,
            21.1546182
          ],
          [
            79.086497,
            21.1537418
          ]
        ]
      },
      "properties": {
        "osm_id": "1288235418",
        "name": "Road 1288235418",
        "highway": "residential",
        "length_m": 149.8,
        "oneway": false,
        "maxspeed": null,
        "source": "OpenStreetMap"
      }
    },
    {
      "type": "Feature",
      "id": "osm-way-1288235419",
      "geometry": {
        "type": "LineString",
        "coordinates": [
          [
            79.0868803,
            21.1550377
          ],
          [
            79.0868479,
            21.1550377
          ],
          [
            79.0864229,
            21.1551604
          ]
        ]
      },
      "properties": {
        "osm_id": "1288235419",
        "name": "Road 1288235419",
        "highway": "residential",
        "length_m": 49.5,
        "oneway": false,
        "maxspeed": null,
        "source": "OpenStreetMap"
      }
    },
    {
      "type": "Feature",
      "id": "osm-way-1295973545",
      "geometry": {
        "type": "LineString",
        "coordinates": [
          [
            79.0905675,
            21.1519476
          ],
          [
            79.0906092,
            21.1519299
          ],
          [
            79.0907122,
            21.1519157
          ],
          [
            79.0912104,
            21.1518394
          ]
        ]
      },
      "properties": {
        "osm_id": "1295973545",
        "name": "Road 1295973545",
        "highway": "tertiary",
        "length_m": 67.9,
        "oneway": false,
        "maxspeed": null,
        "source": "OpenStreetMap"
      }
    },
    {
      "type": "Feature",
      "id": "osm-way-1295973546",
      "geometry": {
        "type": "LineString",
        "coordinates": [
          [
            79.0905675,
            21.1519476
          ],
          [
            79.0904235,
            21.1519842
          ]
        ]
      },
      "properties": {
        "osm_id": "1295973546",
        "name": "Road 1295973546",
        "highway": "tertiary",
        "length_m": 15.5,
        "oneway": false,
        "maxspeed": null,
        "source": "OpenStreetMap"
      }
    },
    {
      "type": "Feature",
      "id": "osm-way-1298775309",
      "geometry": {
        "type": "LineString",
        "coordinates": [
          [
            79.0896971,
            21.1434554
          ],
          [
            79.0897488,
            21.1432623
          ],
          [
            79.0897642,
            21.1431194
          ],
          [
            79.0897583,
            21.1429992
          ],
          [
            79.0897373,
            21.1428895
          ],
          [
            79.089719,
            21.1427688
          ],
          [
            79.0896939,
            21.1425649
          ],
          [
            79.0896337,
            21.1422093
          ],
          [
            79.089547,
            21.1415177
          ],
          [
            79.0895333,
            21.1414264
          ],
          [
            79.0894669,
            21.1409854
          ],
          [
            79.0894585,
            21.1409302
          ],
          [
            79.0893682,
            21.1402632
          ],
          [
            79.0893541,
            21.1401594
          ],
          [
            79.0892975,
            21.1397533
          ],
          [
            79.0892657,
            21.1394794
          ],
          [
            79.0892568,
            21.1393127
          ],
          [
            79.0893223,
            21.1391658
          ],
          [
            79.0894189,
            21.1390226
          ],
          [
            79.0895116,
            21.1388852
          ],
          [
            79.0896408,
            21.1386079
          ],
          [
            79.0896709,
            21.1383025
          ],
          [
            79.0896957,
            21.1378899
          ],
          [
            79.0897045,
            21.1378255
          ],
          [
            79.0897151,
            21.1376275
          ]
        ]
      },
      "properties": {
        "osm_id": "1298775309",
        "name": "Ghat Road",
        "highway": "secondary",
        "length_m": 662.3,
        "oneway": true,
        "maxspeed": null,
        "source": "OpenStreetMap"
      }
    },
    {
      "type": "Feature",
      "id": "osm-way-1298775310",
      "geometry": {
        "type": "LineString",
        "coordinates": [
          [
            79.0896631,
            21.1449413
          ],
          [
            79.0896414,
            21.1447154
          ],
          [
            79.0896201,
            21.1442916
          ],
          [
            79.0896176,
            21.1439048
          ],
          [
            79.0896363,
            21.1436787
          ],
          [
            79.0896971,
            21.1434554
          ]
        ]
      },
      "properties": {
        "osm_id": "1298775310",
        "name": "Ghat Road",
        "highway": "secondary",
        "length_m": 166.2,
        "oneway": true,
        "maxspeed": null,
        "source": "OpenStreetMap"
      }
    },
    {
      "type": "Feature",
      "id": "osm-way-1298775311",
      "geometry": {
        "type": "LineString",
        "coordinates": [
          [
            79.0887467,
            21.1434397
          ],
          [
            79.0891977,
            21.1434351
          ],
          [
            79.0896117,
            21.1434317
          ],
          [
            79.0896971,
            21.1434554
          ]
        ]
      },
      "properties": {
        "osm_id": "1298775311",
        "name": "Road 1298775311",
        "highway": "residential",
        "length_m": 99.0,
        "oneway": false,
        "maxspeed": null,
        "source": "OpenStreetMap"
      }
    },
    {
      "type": "Feature",
      "id": "osm-way-1298777556",
      "geometry": {
        "type": "LineString",
        "coordinates": [
          [
            79.0899411,
            21.1481988
          ],
          [
            79.0900809,
            21.1481818
          ]
        ]
      },
      "properties": {
        "osm_id": "1298777556",
        "name": "Road 1298777556",
        "highway": "secondary_link",
        "length_m": 14.6,
        "oneway": false,
        "maxspeed": null,
        "source": "OpenStreetMap"
      }
    },
    {
      "type": "Feature",
      "id": "osm-way-1298777557",
      "geometry": {
        "type": "LineString",
        "coordinates": [
          [
            79.0895495,
            21.144656
          ],
          [
            79.0895166,
            21.1447303
          ],
          [
            79.0894232,
            21.144837
          ],
          [
            79.0893532,
            21.1449001
          ],
          [
            79.089254,
            21.1449805
          ]
        ]
      },
      "properties": {
        "osm_id": "1298777557",
        "name": "Road 1298777557",
        "highway": "secondary_link",
        "length_m": 48.0,
        "oneway": true,
        "maxspeed": null,
        "source": "OpenStreetMap"
      }
    },
    {
      "type": "Feature",
      "id": "osm-way-1303693670",
      "geometry": {
        "type": "LineString",
        "coordinates": [
          [
            79.0872784,
            21.1533909
          ],
          [
            79.0872956,
            21.1534206
          ],
          [
            79.0873257,
            21.15343
          ],
          [
            79.0873639,
            21.1534176
          ]
        ]
      },
      "properties": {
        "osm_id": "1303693670",
        "name": "Road 1303693670",
        "highway": "secondary_link",
        "length_m": 11.2,
        "oneway": true,
        "maxspeed": null,
        "source": "OpenStreetMap"
      }
    },
    {
      "type": "Feature",
      "id": "osm-way-1303814430",
      "geometry": {
        "type": "LineString",
        "coordinates": [
          [
            79.0875374,
            21.1534697
          ],
          [
            79.0873532,
            21.1534719
          ]
        ]
      },
      "properties": {
        "osm_id": "1303814430",
        "name": "Road 1303814430",
        "highway": "primary",
        "length_m": 19.1,
        "oneway": true,
        "maxspeed": null,
        "source": "OpenStreetMap"
      }
    },
    {
      "type": "Feature",
      "id": "osm-way-1303814431",
      "geometry": {
        "type": "LineString",
        "coordinates": [
          [
            79.0873532,
            21.1534719
          ],
          [
            79.08725,
            21.1534699
          ]
        ]
      },
      "properties": {
        "osm_id": "1303814431",
        "name": "Kingsway Road",
        "highway": "primary",
        "length_m": 10.7,
        "oneway": true,
        "maxspeed": null,
        "source": "OpenStreetMap"
      }
    },
    {
      "type": "Feature",
      "id": "osm-way-1303818320",
      "geometry": {
        "type": "LineString",
        "coordinates": [
          [
            79.0888634,
            21.1451107
          ],
          [
            79.0890459,
            21.1450903
          ]
        ]
      },
      "properties": {
        "osm_id": "1303818320",
        "name": "Road 1303818320",
        "highway": "secondary",
        "length_m": 19.1,
        "oneway": true,
        "maxspeed": null,
        "source": "OpenStreetMap"
      }
    },
    {
      "type": "Feature",
      "id": "osm-way-1303837001",
      "geometry": {
        "type": "LineString",
        "coordinates": [
          [
            79.0914395,
            21.1535466
          ],
          [
            79.0914197,
            21.153388
          ],
          [
            79.0913976,
            21.1532315
          ]
        ]
      },
      "properties": {
        "osm_id": "1303837001",
        "name": "Road 1303837001",
        "highway": "tertiary",
        "length_m": 35.3,
        "oneway": false,
        "maxspeed": null,
        "source": "OpenStreetMap"
      }
    },
    {
      "type": "Feature",
      "id": "osm-way-1303855514",
      "geometry": {
        "type": "LineString",
        "coordinates": [
          [
            79.0896729,
            21.1459104
          ],
          [
            79.0897287,
            21.1459064
          ],
          [
            79.0897783,
            21.1459058
          ]
        ]
      },
      "properties": {
        "osm_id": "1303855514",
        "name": "Road 1303855514",
        "highway": "secondary_link",
        "length_m": 10.9,
        "oneway": false,
        "maxspeed": null,
        "source": "OpenStreetMap"
      }
    },
    {
      "type": "Feature",
      "id": "osm-way-1303855515",
      "geometry": {
        "type": "LineString",
        "coordinates": [
          [
            79.0897022,
            21.14622
          ],
          [
            79.0897671,
            21.1462112
          ],
          [
            79.0898173,
            21.1462045
          ]
        ]
      },
      "properties": {
        "osm_id": "1303855515",
        "name": "Road 1303855515",
        "highway": "secondary_link",
        "length_m": 12.1,
        "oneway": false,
        "maxspeed": null,
        "source": "OpenStreetMap"
      }
    },
    {
      "type": "Feature",
      "id": "osm-way-1304436467",
      "geometry": {
        "type": "LineString",
        "coordinates": [
          [
            79.0676211,
            21.1445079
          ],
          [
            79.0675178,
            21.1442613
          ]
        ]
      },
      "properties": {
        "osm_id": "1304436467",
        "name": "Road 1304436467",
        "highway": "residential",
        "length_m": 29.4,
        "oneway": false,
        "maxspeed": null,
        "source": "OpenStreetMap"
      }
    },
    {
      "type": "Feature",
      "id": "osm-way-1304436468",
      "geometry": {
        "type": "LineString",
        "coordinates": [
          [
            79.0669006,
            21.1443967
          ],
          [
            79.0670028,
            21.1444972
          ],
          [
            79.0670349,
            21.1445066
          ],
          [
            79.0672566,
            21.1445064
          ],
          [
            79.0676211,
            21.1445079
          ],
          [
            79.0678837,
            21.1445746
          ],
          [
            79.067969,
            21.1445963
          ]
        ]
      },
      "properties": {
        "osm_id": "1304436468",
        "name": "Road 1304436468",
        "highway": "residential",
        "length_m": 117.1,
        "oneway": false,
        "maxspeed": null,
        "source": "OpenStreetMap"
      }
    },
    {
      "type": "Feature",
      "id": "osm-way-1304824935",
      "geometry": {
        "type": "LineString",
        "coordinates": [
          [
            79.0774764,
            21.1555591
          ],
          [
            79.0775506,
            21.1555489
          ],
          [
            79.077892,
            21.1555635
          ]
        ]
      },
      "properties": {
        "osm_id": "1304824935",
        "name": "Road 1304824935",
        "highway": "residential",
        "length_m": 43.2,
        "oneway": false,
        "maxspeed": null,
        "source": "OpenStreetMap"
      }
    },
    {
      "type": "Feature",
      "id": "osm-way-1304970169",
      "geometry": {
        "type": "LineString",
        "coordinates": [
          [
            79.0851599,
            21.1399353
          ],
          [
            79.0851635,
            21.1400894
          ]
        ]
      },
      "properties": {
        "osm_id": "1304970169",
        "name": "Road 1304970169",
        "highway": "residential",
        "length_m": 17.1,
        "oneway": false,
        "maxspeed": null,
        "source": "OpenStreetMap"
      }
    },
    {
      "type": "Feature",
      "id": "osm-way-1304970246",
      "geometry": {
        "type": "LineString",
        "coordinates": [
          [
            79.0848121,
            21.1416984
          ],
          [
            79.0861931,
            21.1420409
          ]
        ]
      },
      "properties": {
        "osm_id": "1304970246",
        "name": "Road 1304970246",
        "highway": "residential",
        "length_m": 148.2,
        "oneway": false,
        "maxspeed": null,
        "source": "OpenStreetMap"
      }
    },
    {
      "type": "Feature",
      "id": "osm-way-1304972251",
      "geometry": {
        "type": "LineString",
        "coordinates": [
          [
            79.0864598,
            21.144465
          ],
          [
            79.0866918,
            21.1444217
          ]
        ]
      },
      "properties": {
        "osm_id": "1304972251",
        "name": "Road 1304972251",
        "highway": "residential",
        "length_m": 24.5,
        "oneway": false,
        "maxspeed": null,
        "source": "OpenStreetMap"
      }
    },
    {
      "type": "Feature",
      "id": "osm-way-1304972252",
      "geometry": {
        "type": "LineString",
        "coordinates": [
          [
            79.0872738,
            21.1440025
          ],
          [
            79.0869821,
            21.1440706
          ],
          [
            79.086955,
            21.1440717
          ],
          [
            79.0869097,
            21.1440701
          ],
          [
            79.0868741,
            21.1440581
          ],
          [
            79.086855,
            21.1440332
          ],
          [
            79.0868426,
            21.1439708
          ]
        ]
      },
      "properties": {
        "osm_id": "1304972252",
        "name": "Road 1304972252",
        "highway": "residential",
        "length_m": 53.1,
        "oneway": false,
        "maxspeed": null,
        "source": "OpenStreetMap"
      }
    },
    {
      "type": "Feature",
      "id": "osm-way-1304974319",
      "geometry": {
        "type": "LineString",
        "coordinates": [
          [
            79.0825639,
            21.1464403
          ],
          [
            79.0827158,
            21.1464405
          ],
          [
            79.0827897,
            21.1464677
          ],
          [
            79.0828407,
            21.1464849
          ]
        ]
      },
      "properties": {
        "osm_id": "1304974319",
        "name": "Road 1304974319",
        "highway": "residential",
        "length_m": 29.6,
        "oneway": false,
        "maxspeed": null,
        "source": "OpenStreetMap"
      }
    },
    {
      "type": "Feature",
      "id": "osm-way-1304974501",
      "geometry": {
        "type": "LineString",
        "coordinates": [
          [
            79.0820263,
            21.1472668
          ],
          [
            79.0819601,
            21.146864
          ]
        ]
      },
      "properties": {
        "osm_id": "1304974501",
        "name": "Road 1304974501",
        "highway": "residential",
        "length_m": 45.3,
        "oneway": false,
        "maxspeed": null,
        "source": "OpenStreetMap"
      }
    },
    {
      "type": "Feature",
      "id": "osm-way-1304974712",
      "geometry": {
        "type": "LineString",
        "coordinates": [
          [
            79.0819301,
            21.1468638
          ],
          [
            79.0819276,
            21.1468379
          ],
          [
            79.081906,
            21.1466171
          ]
        ]
      },
      "properties": {
        "osm_id": "1304974712",
        "name": "Road 1304974712",
        "highway": "residential",
        "length_m": 27.5,
        "oneway": false,
        "maxspeed": null,
        "source": "OpenStreetMap"
      }
    },
    {
      "type": "Feature",
      "id": "osm-way-1304978529",
      "geometry": {
        "type": "LineString",
        "coordinates": [
          [
            79.0869972,
            21.1454141
          ],
          [
            79.0871456,
            21.1454969
          ],
          [
            79.0872924,
            21.1456001
          ],
          [
            79.0874177,
            21.1456854
          ],
          [
            79.0875073,
            21.1457342
          ],
          [
            79.0876323,
            21.1457973
          ]
        ]
      },
      "properties": {
        "osm_id": "1304978529",
        "name": "Road 1304978529",
        "highway": "residential",
        "length_m": 78.6,
        "oneway": false,
        "maxspeed": null,
        "source": "OpenStreetMap"
      }
    },
    {
      "type": "Feature",
      "id": "osm-way-1316306486",
      "geometry": {
        "type": "LineString",
        "coordinates": [
          [
            79.0881958,
            21.1458969
          ],
          [
            79.0881916,
            21.1459503
          ]
        ]
      },
      "properties": {
        "osm_id": "1316306486",
        "name": "Flyover",
        "highway": "secondary",
        "length_m": 6.0,
        "oneway": true,
        "maxspeed": null,
        "source": "OpenStreetMap"
      }
    },
    {
      "type": "Feature",
      "id": "osm-way-1316308132",
      "geometry": {
        "type": "LineString",
        "coordinates": [
          [
            79.0870295,
            21.1536393
          ],
          [
            79.0872156,
            21.1536291
          ]
        ]
      },
      "properties": {
        "osm_id": "1316308132",
        "name": "Old Bhandara Road Flyover",
        "highway": "trunk",
        "length_m": 19.3,
        "oneway": true,
        "maxspeed": null,
        "source": "OpenStreetMap"
      }
    },
    {
      "type": "Feature",
      "id": "osm-way-1316308133",
      "geometry": {
        "type": "LineString",
        "coordinates": [
          [
            79.0824626,
            21.1552681
          ],
          [
            79.0823695,
            21.1553145
          ]
        ]
      },
      "properties": {
        "osm_id": "1316308133",
        "name": "Old Bhandara Road Flyover",
        "highway": "trunk",
        "length_m": 10.9,
        "oneway": true,
        "maxspeed": null,
        "source": "OpenStreetMap"
      }
    },
    {
      "type": "Feature",
      "id": "osm-way-1316310186",
      "geometry": {
        "type": "LineString",
        "coordinates": [
          [
            79.0812971,
            21.1542017
          ],
          [
            79.0812916,
            21.1542843
          ],
          [
            79.081241,
            21.1544214
          ]
        ]
      },
      "properties": {
        "osm_id": "1316310186",
        "name": "Sadar Flyover",
        "highway": "trunk",
        "length_m": 25.3,
        "oneway": true,
        "maxspeed": "50",
        "source": "OpenStreetMap"
      }
    },
    {
      "type": "Feature",
      "id": "osm-way-1320953287",
      "geometry": {
        "type": "LineString",
        "coordinates": [
          [
            79.0817736,
            21.1556738
          ],
          [
            79.0818529,
            21.1559816
          ],
          [
            79.0820862,
            21.1568866
          ]
        ]
      },
      "properties": {
        "osm_id": "1320953287",
        "name": "Road 1320953287",
        "highway": "primary",
        "length_m": 138.7,
        "oneway": true,
        "maxspeed": null,
        "source": "OpenStreetMap"
      }
    },
    {
      "type": "Feature",
      "id": "osm-way-1327756114",
      "geometry": {
        "type": "LineString",
        "coordinates": [
          [
            79.0887041,
            21.1451285
          ],
          [
            79.0888634,
            21.1451107
          ]
        ]
      },
      "properties": {
        "osm_id": "1327756114",
        "name": "New Loha Railway Underpass",
        "highway": "secondary",
        "length_m": 16.6,
        "oneway": true,
        "maxspeed": null,
        "source": "OpenStreetMap"
      }
    },
    {
      "type": "Feature",
      "id": "osm-way-1327756115",
      "geometry": {
        "type": "LineString",
        "coordinates": [
          [
            79.088347,
            21.1451036
          ],
          [
            79.0882577,
            21.1451158
          ]
        ]
      },
      "properties": {
        "osm_id": "1327756115",
        "name": "New Loha Railway Underpass",
        "highway": "secondary",
        "length_m": 9.4,
        "oneway": true,
        "maxspeed": null,
        "source": "OpenStreetMap"
      }
    },
    {
      "type": "Feature",
      "id": "osm-way-1327756116",
      "geometry": {
        "type": "LineString",
        "coordinates": [
          [
            79.0882653,
            21.1451775
          ],
          [
            79.0883577,
            21.1451672
          ]
        ]
      },
      "properties": {
        "osm_id": "1327756116",
        "name": "New Loha Railway Underpass",
        "highway": "secondary",
        "length_m": 9.7,
        "oneway": true,
        "maxspeed": null,
        "source": "OpenStreetMap"
      }
    },
    {
      "type": "Feature",
      "id": "osm-way-1339419973",
      "geometry": {
        "type": "LineString",
        "coordinates": [
          [
            79.0818529,
            21.155635
          ],
          [
            79.0818376,
            21.1555781
          ]
        ]
      },
      "properties": {
        "osm_id": "1339419973",
        "name": "Road 1339419973",
        "highway": "trunk",
        "length_m": 6.5,
        "oneway": true,
        "maxspeed": null,
        "source": "OpenStreetMap"
      }
    },
    {
      "type": "Feature",
      "id": "osm-way-1339419974",
      "geometry": {
        "type": "LineString",
        "coordinates": [
          [
            79.0817574,
            21.1556187
          ],
          [
            79.0817736,
            21.1556738
          ]
        ]
      },
      "properties": {
        "osm_id": "1339419974",
        "name": "Road 1339419974",
        "highway": "trunk",
        "length_m": 6.4,
        "oneway": true,
        "maxspeed": null,
        "source": "OpenStreetMap"
      }
    },
    {
      "type": "Feature",
      "id": "osm-way-1345173948",
      "geometry": {
        "type": "LineString",
        "coordinates": [
          [
            79.0748102,
            21.1530152
          ],
          [
            79.0748472,
            21.1528963
          ],
          [
            79.0749492,
            21.1528062
          ],
          [
            79.0751633,
            21.1527169
          ]
        ]
      },
      "properties": {
        "osm_id": "1345173948",
        "name": "Road 1345173948",
        "highway": "tertiary",
        "length_m": 52.7,
        "oneway": true,
        "maxspeed": null,
        "source": "OpenStreetMap"
      }
    },
    {
      "type": "Feature",
      "id": "osm-way-1354632763",
      "geometry": {
        "type": "LineString",
        "coordinates": [
          [
            79.07615,
            21.1447478
          ],
          [
            79.0761226,
            21.1446574
          ]
        ]
      },
      "properties": {
        "osm_id": "1354632763",
        "name": "Road 1354632763",
        "highway": "trunk_link",
        "length_m": 10.4,
        "oneway": false,
        "maxspeed": null,
        "source": "OpenStreetMap"
      }
    },
    {
      "type": "Feature",
      "id": "osm-way-1354632764",
      "geometry": {
        "type": "LineString",
        "coordinates": [
          [
            79.0731575,
            21.1393478
          ],
          [
            79.0732306,
            21.1396289
          ],
          [
            79.0732472,
            21.1397884
          ],
          [
            79.0732197,
            21.140465
          ],
          [
            79.0732106,
            21.1406478
          ]
        ]
      },
      "properties": {
        "osm_id": "1354632764",
        "name": "Maharajbagh road",
        "highway": "tertiary",
        "length_m": 145.6,
        "oneway": true,
        "maxspeed": null,
        "source": "OpenStreetMap"
      }
    },
    {
      "type": "Feature",
      "id": "osm-way-1354632766",
      "geometry": {
        "type": "LineString",
        "coordinates": [
          [
            79.0733211,
            21.1397375
          ],
          [
            79.0733934,
            21.1396262
          ],
          [
            79.0734668,
            21.1395615
          ],
          [
            79.0735833,
            21.139488
          ]
        ]
      },
      "properties": {
        "osm_id": "1354632766",
        "name": "Maharajbagh road",
        "highway": "secondary_link",
        "length_m": 39.5,
        "oneway": true,
        "maxspeed": null,
        "source": "OpenStreetMap"
      }
    },
    {
      "type": "Feature",
      "id": "osm-way-1354632768",
      "geometry": {
        "type": "LineString",
        "coordinates": [
          [
            79.0732106,
            21.1406478
          ],
          [
            79.0733285,
            21.1417971
          ],
          [
            79.0736233,
            21.1429477
          ]
        ]
      },
      "properties": {
        "osm_id": "1354632768",
        "name": "Maharajbagh road",
        "highway": "tertiary",
        "length_m": 259.9,
        "oneway": true,
        "maxspeed": null,
        "source": "OpenStreetMap"
      }
    },
    {
      "type": "Feature",
      "id": "osm-way-1354632770",
      "geometry": {
        "type": "LineString",
        "coordinates": [
          [
            79.074329,
            21.1452755
          ],
          [
            79.0743934,
            21.145566
          ],
          [
            79.0745008,
            21.1460501
          ],
          [
            79.0745074,
            21.1461346
          ],
          [
            79.074513,
            21.1462069
          ],
          [
            79.0745221,
            21.1463247
          ],
          [
            79.0745371,
            21.146458
          ],
          [
            79.0745744,
            21.1472642
          ],
          [
            79.0745669,
            21.1476107
          ],
          [
            79.0745388,
            21.1479289
          ],
          [
            79.0745273,
            21.1479965
          ],
          [
            79.0744279,
            21.1483645
          ],
          [
            79.0744103,
            21.1484296
          ],
          [
            79.0743186,
            21.1487871
          ],
          [
            79.074294,
            21.1489582
          ],
          [
            79.0743276,
            21.149162
          ],
          [
            79.0743708,
            21.1494216
          ],
          [
            79.0744661,
            21.1499397
          ],
          [
            79.0745573,
            21.1503754
          ],
          [
            79.0745854,
            21.150535
          ]
        ]
      },
      "properties": {
        "osm_id": "1354632770",
        "name": "Red Cross Road",
        "highway": "tertiary",
        "length_m": 592.5,
        "oneway": true,
        "maxspeed": null,
        "source": "OpenStreetMap"
      }
    },
    {
      "type": "Feature",
      "id": "osm-way-1354632771",
      "geometry": {
        "type": "LineString",
        "coordinates": [
          [
            79.0746052,
            21.1506655
          ],
          [
            79.0746165,
            21.1507378
          ],
          [
            79.0746579,
            21.1510029
          ],
          [
            79.0747056,
            21.151655
          ],
          [
            79.0747114,
            21.1523154
          ],
          [
            79.0747143,
            21.1526426
          ],
          [
            79.0747412,
            21.1527688
          ]
        ]
      },
      "properties": {
        "osm_id": "1354632771",
        "name": "Red Cross Road",
        "highway": "tertiary",
        "length_m": 234.7,
        "oneway": true,
        "maxspeed": null,
        "source": "OpenStreetMap"
      }
    },
    {
      "type": "Feature",
      "id": "osm-way-1354632772",
      "geometry": {
        "type": "LineString",
        "coordinates": [
          [
            79.0745854,
            21.150535
          ],
          [
            79.0746052,
            21.1506655
          ]
        ]
      },
      "properties": {
        "osm_id": "1354632772",
        "name": "Red Cross Road",
        "highway": "tertiary",
        "length_m": 14.7,
        "oneway": true,
        "maxspeed": null,
        "source": "OpenStreetMap"
      }
    },
    {
      "type": "Feature",
      "id": "osm-way-1354632773",
      "geometry": {
        "type": "LineString",
        "coordinates": [
          [
            79.0744626,
            21.1493936
          ],
          [
            79.0744112,
            21.149101
          ],
          [
            79.0743912,
            21.1488759
          ],
          [
            79.0745151,
            21.1483516
          ],
          [
            79.0746296,
            21.1479918
          ],
          [
            79.0746438,
            21.14792
          ],
          [
            79.0746668,
            21.1476429
          ],
          [
            79.0746683,
            21.147609
          ],
          [
            79.0746268,
            21.1463791
          ],
          [
            79.0746175,
            21.1462041
          ],
          [
            79.0746134,
            21.1461277
          ],
          [
            79.074605,
            21.1460689
          ],
          [
            79.0744926,
            21.1455708
          ],
          [
            79.0744199,
            21.1452485
          ]
        ]
      },
      "properties": {
        "osm_id": "1354632773",
        "name": "Red Cross Road",
        "highway": "tertiary",
        "length_m": 466.9,
        "oneway": true,
        "maxspeed": null,
        "source": "OpenStreetMap"
      }
    },
    {
      "type": "Feature",
      "id": "osm-way-1354632774",
      "geometry": {
        "type": "LineString",
        "coordinates": [
          [
            79.0746811,
            21.1506492
          ],
          [
            79.0746616,
            21.1505275
          ]
        ]
      },
      "properties": {
        "osm_id": "1354632774",
        "name": "Red Cross Road",
        "highway": "tertiary",
        "length_m": 13.7,
        "oneway": true,
        "maxspeed": null,
        "source": "OpenStreetMap"
      }
    },
    {
      "type": "Feature",
      "id": "osm-way-1354632775",
      "geometry": {
        "type": "LineString",
        "coordinates": [
          [
            79.0737122,
            21.1432812
          ],
          [
            79.0738863,
            21.1438944
          ],
          [
            79.073965,
            21.1440291
          ],
          [
            79.0740629,
            21.1441659
          ],
          [
            79.0742864,
            21.1443875
          ],
          [
            79.0743833,
            21.1445259
          ],
          [
            79.0744104,
            21.1446606
          ],
          [
            79.0743846,
            21.1448305
          ],
          [
            79.074306,
            21.1450516
          ],
          [
            79.0743073,
            21.1450922
          ],
          [
            79.0743105,
            21.145194
          ]
        ]
      },
      "properties": {
        "osm_id": "1354632775",
        "name": "Maharajbagh road",
        "highway": "tertiary",
        "length_m": 234.2,
        "oneway": true,
        "maxspeed": null,
        "source": "OpenStreetMap"
      }
    },
    {
      "type": "Feature",
      "id": "osm-way-1354632776",
      "geometry": {
        "type": "LineString",
        "coordinates": [
          [
            79.0736233,
            21.1429477
          ],
          [
            79.0737122,
            21.1432812
          ]
        ]
      },
      "properties": {
        "osm_id": "1354632776",
        "name": "Maharajbagh road",
        "highway": "tertiary",
        "length_m": 38.2,
        "oneway": true,
        "maxspeed": null,
        "source": "OpenStreetMap"
      }
    },
    {
      "type": "Feature",
      "id": "osm-way-1354632777",
      "geometry": {
        "type": "LineString",
        "coordinates": [
          [
            79.0737291,
            21.1429265
          ],
          [
            79.0735256,
            21.1421943
          ],
          [
            79.0734326,
            21.1418177
          ]
        ]
      },
      "properties": {
        "osm_id": "1354632777",
        "name": "Maharajbagh road",
        "highway": "tertiary",
        "length_m": 127.1,
        "oneway": true,
        "maxspeed": null,
        "source": "OpenStreetMap"
      }
    },
    {
      "type": "Feature",
      "id": "osm-way-1354632778",
      "geometry": {
        "type": "LineString",
        "coordinates": [
          [
            79.0738232,
            21.1432557
          ],
          [
            79.0737291,
            21.1429265
          ]
        ]
      },
      "properties": {
        "osm_id": "1354632778",
        "name": "Maharajbagh road",
        "highway": "tertiary",
        "length_m": 37.9,
        "oneway": true,
        "maxspeed": null,
        "source": "OpenStreetMap"
      }
    },
    {
      "type": "Feature",
      "id": "osm-way-1354632779",
      "geometry": {
        "type": "LineString",
        "coordinates": [
          [
            79.0720788,
            21.1456221
          ],
          [
            79.072096,
            21.1457146
          ]
        ]
      },
      "properties": {
        "osm_id": "1354632779",
        "name": "Road 1354632779",
        "highway": "tertiary",
        "length_m": 10.4,
        "oneway": true,
        "maxspeed": null,
        "source": "OpenStreetMap"
      }
    },
    {
      "type": "Feature",
      "id": "osm-way-1354632780",
      "geometry": {
        "type": "LineString",
        "coordinates": [
          [
            79.072164,
            21.1456137
          ],
          [
            79.0721761,
            21.1457027
          ],
          [
            79.0721909,
            21.1458722
          ],
          [
            79.072192,
            21.1459706
          ],
          [
            79.0721929,
            21.1460446
          ],
          [
            79.0721738,
            21.146213
          ]
        ]
      },
      "properties": {
        "osm_id": "1354632780",
        "name": "Road 1354632780",
        "highway": "tertiary",
        "length_m": 66.9,
        "oneway": true,
        "maxspeed": null,
        "source": "OpenStreetMap"
      }
    },
    {
      "type": "Feature",
      "id": "osm-way-1354632781",
      "geometry": {
        "type": "LineString",
        "coordinates": [
          [
            79.072096,
            21.1457146
          ],
          [
            79.0721127,
            21.1458863
          ],
          [
            79.0721258,
            21.1459713
          ],
          [
            79.0721361,
            21.146041
          ],
          [
            79.0721738,
            21.146213
          ]
        ]
      },
      "properties": {
        "osm_id": "1354632781",
        "name": "Road 1354632781",
        "highway": "tertiary",
        "length_m": 56.1,
        "oneway": true,
        "maxspeed": null,
        "source": "OpenStreetMap"
      }
    },
    {
      "type": "Feature",
      "id": "osm-way-1354632782",
      "geometry": {
        "type": "LineString",
        "coordinates": [
          [
            79.0719221,
            21.1457355
          ],
          [
            79.0719876,
            21.1458072
          ],
          [
            79.0720466,
            21.1458671
          ],
          [
            79.0721258,
            21.1459713
          ]
        ]
      },
      "properties": {
        "osm_id": "1354632782",
        "name": "Road 1354632782",
        "highway": "trunk_link",
        "length_m": 33.7,
        "oneway": true,
        "maxspeed": null,
        "source": "OpenStreetMap"
      }
    },
    {
      "type": "Feature",
      "id": "osm-way-1354632783",
      "geometry": {
        "type": "LineString",
        "coordinates": [
          [
            79.072192,
            21.1459706
          ],
          [
            79.0722395,
            21.1458662
          ],
          [
            79.0722905,
            21.1457954
          ],
          [
            79.0723614,
            21.1457223
          ],
          [
            79.0724503,
            21.1456634
          ]
        ]
      },
      "properties": {
        "osm_id": "1354632783",
        "name": "Road 1354632783",
        "highway": "trunk_link",
        "length_m": 44.4,
        "oneway": true,
        "maxspeed": null,
        "source": "OpenStreetMap"
      }
    },
    {
      "type": "Feature",
      "id": "osm-way-1354632784",
      "geometry": {
        "type": "LineString",
        "coordinates": [
          [
            79.0743105,
            21.145194
          ],
          [
            79.074329,
            21.1452755
          ]
        ]
      },
      "properties": {
        "osm_id": "1354632784",
        "name": "Maharajbagh road",
        "highway": "tertiary",
        "length_m": 9.3,
        "oneway": true,
        "maxspeed": null,
        "source": "OpenStreetMap"
      }
    },
    {
      "type": "Feature",
      "id": "osm-way-1354632785",
      "geometry": {
        "type": "LineString",
        "coordinates": [
          [
            79.0744199,
            21.1452485
          ],
          [
            79.0744037,
            21.1451741
          ]
        ]
      },
      "properties": {
        "osm_id": "1354632785",
        "name": "Maharajbagh road",
        "highway": "tertiary",
        "length_m": 8.4,
        "oneway": true,
        "maxspeed": null,
        "source": "OpenStreetMap"
      }
    },
    {
      "type": "Feature",
      "id": "osm-way-1354632786",
      "geometry": {
        "type": "LineString",
        "coordinates": [
          [
            79.073331,
            21.1382862
          ],
          [
            79.0732772,
            21.1383787
          ],
          [
            79.0732475,
            21.1385045
          ],
          [
            79.0731928,
            21.1389843
          ],
          [
            79.0731615,
            21.1392577
          ],
          [
            79.0731575,
            21.1393478
          ]
        ]
      },
      "properties": {
        "osm_id": "1354632786",
        "name": "Maharajbagh road",
        "highway": "tertiary",
        "length_m": 120.3,
        "oneway": true,
        "maxspeed": null,
        "source": "OpenStreetMap"
      }
    },
    {
      "type": "Feature",
      "id": "osm-way-1354632787",
      "geometry": {
        "type": "LineString",
        "coordinates": [
          [
            79.0732757,
            21.1393902
          ],
          [
            79.0732524,
            21.13928
          ]
        ]
      },
      "properties": {
        "osm_id": "1354632787",
        "name": "Maharajbagh road",
        "highway": "tertiary",
        "length_m": 12.5,
        "oneway": true,
        "maxspeed": null,
        "source": "OpenStreetMap"
      }
    },
    {
      "type": "Feature",
      "id": "osm-way-1354632788",
      "geometry": {
        "type": "LineString",
        "coordinates": [
          [
            79.0738095,
            21.1495927
          ],
          [
            79.0743708,
            21.1494216
          ],
          [
            79.0744626,
            21.1493936
          ]
        ]
      },
      "properties": {
        "osm_id": "1354632788",
        "name": "Road 1354632788",
        "highway": "residential",
        "length_m": 71.3,
        "oneway": false,
        "maxspeed": null,
        "source": "OpenStreetMap"
      }
    },
    {
      "type": "Feature",
      "id": "osm-way-1354632789",
      "geometry": {
        "type": "LineString",
        "coordinates": [
          [
            79.0746616,
            21.1505275
          ],
          [
            79.0746518,
            21.1504721
          ],
          [
            79.0746327,
            21.1503633
          ],
          [
            79.0744626,
            21.1493936
          ]
        ]
      },
      "properties": {
        "osm_id": "1354632789",
        "name": "Red Cross Road",
        "highway": "tertiary",
        "length_m": 127.8,
        "oneway": true,
        "maxspeed": null,
        "source": "OpenStreetMap"
      }
    },
    {
      "type": "Feature",
      "id": "osm-way-1354632790",
      "geometry": {
        "type": "LineString",
        "coordinates": [
          [
            79.0780897,
            21.1513493
          ],
          [
            79.0781761,
            21.1513887
          ],
          [
            79.0782518,
            21.1514633
          ],
          [
            79.0783536,
            21.1516721
          ]
        ]
      },
      "properties": {
        "osm_id": "1354632790",
        "name": "Road 1354632790",
        "highway": "tertiary",
        "length_m": 46.9,
        "oneway": true,
        "maxspeed": null,
        "source": "OpenStreetMap"
      }
    },
    {
      "type": "Feature",
      "id": "osm-way-1354632791",
      "geometry": {
        "type": "LineString",
        "coordinates": [
          [
            79.0746971,
            21.1507301
          ],
          [
            79.0746165,
            21.1507378
          ]
        ]
      },
      "properties": {
        "osm_id": "1354632791",
        "name": "Road 1354632791",
        "highway": "tertiary",
        "length_m": 8.4,
        "oneway": false,
        "maxspeed": null,
        "source": "OpenStreetMap"
      }
    },
    {
      "type": "Feature",
      "id": "osm-way-1354632792",
      "geometry": {
        "type": "LineString",
        "coordinates": [
          [
            79.0745573,
            21.1503754
          ],
          [
            79.0742142,
            21.1504749
          ]
        ]
      },
      "properties": {
        "osm_id": "1354632792",
        "name": "Road 1354632792",
        "highway": "residential",
        "length_m": 37.3,
        "oneway": false,
        "maxspeed": null,
        "source": "OpenStreetMap"
      }
    },
    {
      "type": "Feature",
      "id": "osm-way-1354632793",
      "geometry": {
        "type": "LineString",
        "coordinates": [
          [
            79.0746327,
            21.1503633
          ],
          [
            79.0745573,
            21.1503754
          ]
        ]
      },
      "properties": {
        "osm_id": "1354632793",
        "name": "Road 1354632793",
        "highway": "residential",
        "length_m": 7.9,
        "oneway": false,
        "maxspeed": null,
        "source": "OpenStreetMap"
      }
    },
    {
      "type": "Feature",
      "id": "osm-way-1354642041",
      "geometry": {
        "type": "LineString",
        "coordinates": [
          [
            79.0812907,
            21.1432281
          ],
          [
            79.0811308,
            21.1432012
          ],
          [
            79.0810565,
            21.1431823
          ],
          [
            79.0809778,
            21.1431511
          ],
          [
            79.0809169,
            21.1431129
          ]
        ]
      },
      "properties": {
        "osm_id": "1354642041",
        "name": "Road 1354642041",
        "highway": "primary_link",
        "length_m": 41.3,
        "oneway": true,
        "maxspeed": null,
        "source": "OpenStreetMap"
      }
    },
    {
      "type": "Feature",
      "id": "osm-way-1354642042",
      "geometry": {
        "type": "LineString",
        "coordinates": [
          [
            79.0807118,
            21.1431786
          ],
          [
            79.0806855,
            21.1432787
          ],
          [
            79.080653,
            21.1433409
          ],
          [
            79.0806045,
            21.1434146
          ],
          [
            79.0805633,
            21.1434656
          ],
          [
            79.0805045,
            21.143522
          ]
        ]
      },
      "properties": {
        "osm_id": "1354642042",
        "name": "Road 1354642042",
        "highway": "trunk_link",
        "length_m": 44.6,
        "oneway": true,
        "maxspeed": null,
        "source": "OpenStreetMap"
      }
    },
    {
      "type": "Feature",
      "id": "osm-way-1354642043",
      "geometry": {
        "type": "LineString",
        "coordinates": [
          [
            79.0805147,
            21.1436094
          ],
          [
            79.0806342,
            21.1436683
          ],
          [
            79.0806853,
            21.1436928
          ],
          [
            79.0807566,
            21.1437321
          ],
          [
            79.0808251,
            21.1437794
          ]
        ]
      },
      "properties": {
        "osm_id": "1354642043",
        "name": "Road 1354642043",
        "highway": "trunk_link",
        "length_m": 37.4,
        "oneway": true,
        "maxspeed": null,
        "source": "OpenStreetMap"
      }
    },
    {
      "type": "Feature",
      "id": "osm-way-1354642044",
      "geometry": {
        "type": "LineString",
        "coordinates": [
          [
            79.0740017,
            21.1453587
          ],
          [
            79.0741478,
            21.1454012
          ],
          [
            79.0742735,
            21.1454739
          ],
          [
            79.0743934,
            21.145566
          ]
        ]
      },
      "properties": {
        "osm_id": "1354642044",
        "name": "Road 1354642044",
        "highway": "trunk_link",
        "length_m": 47.3,
        "oneway": true,
        "maxspeed": null,
        "source": "OpenStreetMap"
      }
    },
    {
      "type": "Feature",
      "id": "osm-way-1354642045",
      "geometry": {
        "type": "LineString",
        "coordinates": [
          [
            79.0744926,
            21.1455708
          ],
          [
            79.0745402,
            21.1454148
          ],
          [
            79.0745967,
            21.1452971
          ],
          [
            79.0747082,
            21.1451655
          ]
        ]
      },
      "properties": {
        "osm_id": "1354642045",
        "name": "Road 1354642045",
        "highway": "trunk_link",
        "length_m": 51.0,
        "oneway": true,
        "maxspeed": null,
        "source": "OpenStreetMap"
      }
    },
    {
      "type": "Feature",
      "id": "osm-way-1354642046",
      "geometry": {
        "type": "LineString",
        "coordinates": [
          [
            79.074513,
            21.1462069
          ],
          [
            79.0746175,
            21.1462041
          ],
          [
            79.0748252,
            21.1461927
          ],
          [
            79.0749523,
            21.1461749
          ],
          [
            79.0750599,
            21.1461258
          ]
        ]
      },
      "properties": {
        "osm_id": "1354642046",
        "name": "Road 1354642046",
        "highway": "residential",
        "length_m": 58.2,
        "oneway": true,
        "maxspeed": null,
        "source": "OpenStreetMap"
      }
    },
    {
      "type": "Feature",
      "id": "osm-way-1354642047",
      "geometry": {
        "type": "LineString",
        "coordinates": [
          [
            79.0750599,
            21.1461258
          ],
          [
            79.0749816,
            21.1460961
          ],
          [
            79.0748823,
            21.1461007
          ],
          [
            79.0746134,
            21.1461277
          ],
          [
            79.0745074,
            21.1461346
          ]
        ]
      },
      "properties": {
        "osm_id": "1354642047",
        "name": "Road 1354642047",
        "highway": "residential",
        "length_m": 58.1,
        "oneway": true,
        "maxspeed": null,
        "source": "OpenStreetMap"
      }
    },
    {
      "type": "Feature",
      "id": "osm-way-1354642049",
      "geometry": {
        "type": "LineString",
        "coordinates": [
          [
            79.0805606,
            21.1518648
          ],
          [
            79.0805418,
            21.1517117
          ],
          [
            79.0803721,
            21.1513888
          ],
          [
            79.0801344,
            21.1509914
          ],
          [
            79.0798075,
            21.1505678
          ],
          [
            79.0795741,
            21.1502926
          ],
          [
            79.0790766,
            21.1499116
          ],
          [
            79.0786694,
            21.1496014
          ],
          [
            79.078338,
            21.1493488
          ],
          [
            79.0783194,
            21.1493337
          ],
          [
            79.077858,
            21.1489457
          ],
          [
            79.0772374,
            21.1485125
          ],
          [
            79.0769633,
            21.1483873
          ],
          [
            79.076731,
            21.1482825
          ],
          [
            79.0760691,
            21.1480268
          ],
          [
            79.075569,
            21.1479065
          ],
          [
            79.0750707,
            21.1478948
          ],
          [
            79.0748907,
            21.1479054
          ],
          [
            79.0746438,
            21.14792
          ],
          [
            79.0745388,
            21.1479289
          ],
          [
            79.074251,
            21.1479575
          ],
          [
            79.0733332,
            21.1480484
          ],
          [
            79.072453,
            21.1481698
          ],
          [
            79.0722545,
            21.1481892
          ],
          [
            79.0707958,
            21.1484094
          ],
          [
            79.0701445,
            21.148634
          ],
          [
            79.0695896,
            21.1488283
          ],
          [
            79.0682788,
            21.1493176
          ],
          [
            79.0682266,
            21.1493331
          ],
          [
            79.0679768,
            21.1494072
          ],
          [
            79.0678703,
            21.149428
          ],
          [
            79.0675296,
            21.1494904
          ],
          [
            79.0671022,
            21.1495687
          ],
          [
            79.0668322,
            21.1495954
          ],
          [
            79.0662621,
            21.1496534
          ],
          [
            79.0657952,
            21.1497235
          ],
          [
            79.0654701,
            21.1497896
          ],
          [
            79.0651256,
            21.149869
          ],
          [
            79.0643645,
            21.1501059
          ],
          [
            79.0642228,
            21.1501452
          ],
          [
            79.0637891,
            21.1502655
          ],
          [
            79.0632003,
            21.1504274
          ],
          [
            79.0631241,
            21.1504579
          ],
          [
            79.0630883,
            21.1505309
          ]
        ]
      },
      "properties": {
        "osm_id": "1354642049",
        "name": "Road 1354642049",
        "highway": "secondary",
        "length_m": 2042.9,
        "oneway": true,
        "maxspeed": null,
        "source": "OpenStreetMap"
      }
    },
    {
      "type": "Feature",
      "id": "osm-way-1354642052",
      "geometry": {
        "type": "LineString",
        "coordinates": [
          [
            79.0675728,
            21.1495672
          ],
          [
            79.0677084,
            21.1495944
          ],
          [
            79.0677912,
            21.1496291
          ],
          [
            79.0678481,
            21.1496776
          ],
          [
            79.0679095,
            21.149759
          ]
        ]
      },
      "properties": {
        "osm_id": "1354642052",
        "name": "Road 1354642052",
        "highway": "secondary_link",
        "length_m": 42.9,
        "oneway": true,
        "maxspeed": null,
        "source": "OpenStreetMap"
      }
    },
    {
      "type": "Feature",
      "id": "osm-way-1354642053",
      "geometry": {
        "type": "LineString",
        "coordinates": [
          [
            79.0680102,
            21.1497485
          ],
          [
            79.0680532,
            21.1496361
          ],
          [
            79.0681168,
            21.1495387
          ],
          [
            79.0682321,
            21.1494172
          ]
        ]
      },
      "properties": {
        "osm_id": "1354642053",
        "name": "Road 1354642053",
        "highway": "secondary_link",
        "length_m": 44.0,
        "oneway": true,
        "maxspeed": null,
        "source": "OpenStreetMap"
      }
    },
    {
      "type": "Feature",
      "id": "osm-way-1354642054",
      "geometry": {
        "type": "LineString",
        "coordinates": [
          [
            79.0678429,
            21.149132
          ],
          [
            79.0677822,
            21.1492457
          ],
          [
            79.0677265,
            21.1493154
          ],
          [
            79.0676403,
            21.1494072
          ],
          [
            79.0675296,
            21.1494904
          ]
        ]
      },
      "properties": {
        "osm_id": "1354642054",
        "name": "Road 1354642054",
        "highway": "secondary_link",
        "length_m": 52.1,
        "oneway": true,
        "maxspeed": null,
        "source": "OpenStreetMap"
      }
    },
    {
      "type": "Feature",
      "id": "osm-way-1354642055",
      "geometry": {
        "type": "LineString",
        "coordinates": [
          [
            79.0682266,
            21.1493331
          ],
          [
            79.0681241,
            21.1492931
          ],
          [
            79.0680301,
            21.1492207
          ],
          [
            79.0679429,
            21.1491126
          ]
        ]
      },
      "properties": {
        "osm_id": "1354642055",
        "name": "Road 1354642055",
        "highway": "secondary_link",
        "length_m": 39.2,
        "oneway": true,
        "maxspeed": null,
        "source": "OpenStreetMap"
      }
    },
    {
      "type": "Feature",
      "id": "osm-way-1354642056",
      "geometry": {
        "type": "LineString",
        "coordinates": [
          [
            79.0730829,
            21.148761
          ],
          [
            79.0730939,
            21.1487442
          ],
          [
            79.0730914,
            21.1487037
          ],
          [
            79.0730893,
            21.1486268
          ],
          [
            79.0730673,
            21.1484459
          ],
          [
            79.0730613,
            21.1484016
          ],
          [
            79.0730415,
            21.1483421
          ],
          [
            79.0729893,
            21.1483118
          ]
        ]
      },
      "properties": {
        "osm_id": "1354642056",
        "name": "Road 1354642056",
        "highway": "residential",
        "length_m": 53.8,
        "oneway": true,
        "maxspeed": null,
        "source": "OpenStreetMap"
      }
    },
    {
      "type": "Feature",
      "id": "osm-way-1354642057",
      "geometry": {
        "type": "LineString",
        "coordinates": [
          [
            79.0729893,
            21.1483118
          ],
          [
            79.0729742,
            21.1482666
          ],
          [
            79.0729513,
            21.1482091
          ]
        ]
      },
      "properties": {
        "osm_id": "1354642057",
        "name": "Road 1354642057",
        "highway": "residential",
        "length_m": 12.1,
        "oneway": false,
        "maxspeed": null,
        "source": "OpenStreetMap"
      }
    },
    {
      "type": "Feature",
      "id": "osm-way-1354642058",
      "geometry": {
        "type": "LineString",
        "coordinates": [
          [
            79.073345,
            21.148149
          ],
          [
            79.0733332,
            21.1480484
          ]
        ]
      },
      "properties": {
        "osm_id": "1354642058",
        "name": "Road 1354642058",
        "highway": "secondary_link",
        "length_m": 11.3,
        "oneway": false,
        "maxspeed": null,
        "source": "OpenStreetMap"
      }
    },
    {
      "type": "Feature",
      "id": "osm-way-1354642059",
      "geometry": {
        "type": "LineString",
        "coordinates": [
          [
            79.0741704,
            21.1480231
          ],
          [
            79.0742797,
            21.1481105
          ],
          [
            79.0743442,
            21.1481966
          ],
          [
            79.0743883,
            21.1482739
          ],
          [
            79.0744279,
            21.1483645
          ]
        ]
      },
      "properties": {
        "osm_id": "1354642059",
        "name": "Road 1354642059",
        "highway": "secondary_link",
        "length_m": 47.2,
        "oneway": true,
        "maxspeed": null,
        "source": "OpenStreetMap"
      }
    },
    {
      "type": "Feature",
      "id": "osm-way-1354642060",
      "geometry": {
        "type": "LineString",
        "coordinates": [
          [
            79.0745151,
            21.1483516
          ],
          [
            79.0746255,
            21.1481999
          ],
          [
            79.0746946,
            21.148106
          ],
          [
            79.0747848,
            21.1480455
          ],
          [
            79.0748949,
            21.1479781
          ]
        ]
      },
      "properties": {
        "osm_id": "1354642060",
        "name": "Road 1354642060",
        "highway": "secondary_link",
        "length_m": 58.2,
        "oneway": true,
        "maxspeed": null,
        "source": "OpenStreetMap"
      }
    },
    {
      "type": "Feature",
      "id": "osm-way-1354642061",
      "geometry": {
        "type": "LineString",
        "coordinates": [
          [
            79.0745669,
            21.1476107
          ],
          [
            79.0745152,
            21.1476991
          ],
          [
            79.0744529,
            21.1477918
          ],
          [
            79.0743616,
            21.1478928
          ],
          [
            79.074251,
            21.1479575
          ]
        ]
      },
      "properties": {
        "osm_id": "1354642061",
        "name": "Road 1354642061",
        "highway": "secondary_link",
        "length_m": 51.6,
        "oneway": true,
        "maxspeed": null,
        "source": "OpenStreetMap"
      }
    },
    {
      "type": "Feature",
      "id": "osm-way-1354642062",
      "geometry": {
        "type": "LineString",
        "coordinates": [
          [
            79.0748907,
            21.1479054
          ],
          [
            79.0748135,
            21.1478538
          ],
          [
            79.0747443,
            21.1477657
          ],
          [
            79.0746668,
            21.1476429
          ]
        ]
      },
      "properties": {
        "osm_id": "1354642062",
        "name": "Road 1354642062",
        "highway": "secondary_link",
        "length_m": 37.8,
        "oneway": true,
        "maxspeed": null,
        "source": "OpenStreetMap"
      }
    },
    {
      "type": "Feature",
      "id": "osm-way-1354642064",
      "geometry": {
        "type": "LineString",
        "coordinates": [
          [
            79.0807413,
            21.1524141
          ],
          [
            79.0805606,
            21.1518648
          ]
        ]
      },
      "properties": {
        "osm_id": "1354642064",
        "name": "Road 1354642064",
        "highway": "secondary",
        "length_m": 63.9,
        "oneway": false,
        "maxspeed": null,
        "source": "OpenStreetMap"
      }
    },
    {
      "type": "Feature",
      "id": "osm-way-1354642065",
      "geometry": {
        "type": "LineString",
        "coordinates": [
          [
            79.0785989,
            21.1497059
          ],
          [
            79.0786694,
            21.1496014
          ]
        ]
      },
      "properties": {
        "osm_id": "1354642065",
        "name": "Road 1354642065",
        "highway": "secondary_link",
        "length_m": 13.7,
        "oneway": false,
        "maxspeed": null,
        "source": "OpenStreetMap"
      }
    },
    {
      "type": "Feature",
      "id": "osm-way-1355142985",
      "geometry": {
        "type": "LineString",
        "coordinates": [
          [
            79.0701832,
            21.1487244
          ],
          [
            79.0701445,
            21.148634
          ]
        ]
      },
      "properties": {
        "osm_id": "1355142985",
        "name": "Road 1355142985",
        "highway": "residential",
        "length_m": 10.8,
        "oneway": false,
        "maxspeed": null,
        "source": "OpenStreetMap"
      }
    },
    {
      "type": "Feature",
      "id": "osm-way-1361405047",
      "geometry": {
        "type": "LineString",
        "coordinates": [
          [
            79.0759614,
            21.1495192
          ],
          [
            79.0761212,
            21.1495136
          ],
          [
            79.0761515,
            21.1494885
          ],
          [
            79.076148,
            21.1493462
          ],
          [
            79.076151,
            21.1493185
          ],
          [
            79.0761826,
            21.1493105
          ],
          [
            79.0767398,
            21.1492735
          ]
        ]
      },
      "properties": {
        "osm_id": "1361405047",
        "name": "Road 1361405047",
        "highway": "residential",
        "length_m": 101.0,
        "oneway": false,
        "maxspeed": null,
        "source": "OpenStreetMap"
      }
    },
    {
      "type": "Feature",
      "id": "osm-way-1363065428",
      "geometry": {
        "type": "LineString",
        "coordinates": [
          [
            79.082728,
            21.1445694
          ],
          [
            79.0829467,
            21.144579
          ]
        ]
      },
      "properties": {
        "osm_id": "1363065428",
        "name": "Road 1363065428",
        "highway": "residential",
        "length_m": 22.7,
        "oneway": false,
        "maxspeed": null,
        "source": "OpenStreetMap"
      }
    },
    {
      "type": "Feature",
      "id": "osm-way-1363559473",
      "geometry": {
        "type": "LineString",
        "coordinates": [
          [
            79.0917894,
            21.1546487
          ],
          [
            79.0917492,
            21.1546207
          ],
          [
            79.091691,
            21.1546117
          ],
          [
            79.0914216,
            21.1546152
          ],
          [
            79.09076,
            21.1546238
          ]
        ]
      },
      "properties": {
        "osm_id": "1363559473",
        "name": "Road 1363559473",
        "highway": "residential",
        "length_m": 107.9,
        "oneway": false,
        "maxspeed": null,
        "source": "OpenStreetMap"
      }
    },
    {
      "type": "Feature",
      "id": "osm-way-1388131777",
      "geometry": {
        "type": "LineString",
        "coordinates": [
          [
            79.0743105,
            21.145194
          ],
          [
            79.0734938,
            21.1453809
          ],
          [
            79.0726639,
            21.1455403
          ],
          [
            79.0723424,
            21.1455872
          ],
          [
            79.072164,
            21.1456137
          ],
          [
            79.0720788,
            21.1456221
          ],
          [
            79.0719331,
            21.1456423
          ],
          [
            79.071586,
            21.1456872
          ],
          [
            79.071051,
            21.1457538
          ],
          [
            79.0700251,
            21.1458854
          ],
          [
            79.0676581,
            21.1461695
          ],
          [
            79.0675545,
            21.1461817
          ]
        ]
      },
      "properties": {
        "osm_id": "1388131777",
        "name": "Amravati Road",
        "highway": "trunk",
        "length_m": 709.8,
        "oneway": true,
        "maxspeed": null,
        "source": "OpenStreetMap"
      }
    },
    {
      "type": "Feature",
      "id": "osm-way-1388131779",
      "geometry": {
        "type": "LineString",
        "coordinates": [
          [
            79.0675971,
            21.1459198
          ],
          [
            79.0675258,
            21.1459958
          ],
          [
            79.0674728,
            21.1460657
          ],
          [
            79.0673838,
            21.1461553
          ],
          [
            79.0673301,
            21.1462035
          ]
        ]
      },
      "properties": {
        "osm_id": "1388131779",
        "name": "Road 1388131779",
        "highway": "trunk_link",
        "length_m": 42.1,
        "oneway": true,
        "maxspeed": null,
        "source": "OpenStreetMap"
      }
    },
    {
      "type": "Feature",
      "id": "osm-way-1388131780",
      "geometry": {
        "type": "LineString",
        "coordinates": [
          [
            79.0673375,
            21.1463029
          ],
          [
            79.0674009,
            21.1463621
          ],
          [
            79.0674821,
            21.1464355
          ],
          [
            79.0675222,
            21.1465026
          ],
          [
            79.0675771,
            21.1466151
          ]
        ]
      },
      "properties": {
        "osm_id": "1388131780",
        "name": "Road 1388131780",
        "highway": "trunk_link",
        "length_m": 43.3,
        "oneway": true,
        "maxspeed": null,
        "source": "OpenStreetMap"
      }
    },
    {
      "type": "Feature",
      "id": "osm-way-1388131781",
      "geometry": {
        "type": "LineString",
        "coordinates": [
          [
            79.0676601,
            21.1464945
          ],
          [
            79.0677164,
            21.1464144
          ],
          [
            79.0677398,
            21.1463379
          ],
          [
            79.0678421,
            21.1462453
          ]
        ]
      },
      "properties": {
        "osm_id": "1388131781",
        "name": "Road 1388131781",
        "highway": "trunk_link",
        "length_m": 34.3,
        "oneway": true,
        "maxspeed": null,
        "source": "OpenStreetMap"
      }
    },
    {
      "type": "Feature",
      "id": "osm-way-1454141133",
      "geometry": {
        "type": "LineString",
        "coordinates": [
          [
            79.08725,
            21.1534699
          ],
          [
            79.0872156,
            21.1536291
          ]
        ]
      },
      "properties": {
        "osm_id": "1454141133",
        "name": "Road 1454141133",
        "highway": "secondary",
        "length_m": 18.1,
        "oneway": true,
        "maxspeed": null,
        "source": "OpenStreetMap"
      }
    },
    {
      "type": "Feature",
      "id": "osm-way-1454141134",
      "geometry": {
        "type": "LineString",
        "coordinates": [
          [
            79.087319,
            21.1536329
          ],
          [
            79.0873532,
            21.1534719
          ]
        ]
      },
      "properties": {
        "osm_id": "1454141134",
        "name": "Road 1454141134",
        "highway": "secondary",
        "length_m": 18.3,
        "oneway": true,
        "maxspeed": null,
        "source": "OpenStreetMap"
      }
    }
  ]
}